subgroup_id,DBN,Subgroup,Nearby_Student_Percent,Percentage_of_Students_Enrolled_in_Advanced_Courses,Student_Percent,Teacher_Percent
01M292_Asian,01M292,Asian,0.415,0.364,0.147,
01M292_Black,01M292,Black,0.138,0.136,0.217,0.2
01M292_Hispanic,01M292,Hispanic,0.333,0.424,0.574,
01M292_White,01M292,White,0.076,0.076,0.043,0.48
01M448_Asian,01M448,Asian,0.092,0.337,0.326,0.184
01M448_Black,01M448,Black,0.279,0.107,0.13,
01M448_Hispanic,01M448,Hispanic,0.412,0.448,0.416,0.132
01M448_White,01M448,White,0.164,0.101,0.113,0.553
01M450_Asian,01M450,Asian,0.208,0.072,0.072,0.097
01M450_Black,01M450,Black,0.136,0.129,0.151,0.153
01M450_Hispanic,01M450,Hispanic,0.371,0.534,0.541,0.292
01M450_White,01M450,White,0.224,0.22,0.186,0.389
01M539_Asian,01M539,Asian,0.11,0.321,0.321,0.204
01M539_Black,01M539,Black,0.237,0.065,0.066,0.051
01M539_Hispanic,01M539,Hispanic,0.421,0.152,0.152,0.051
01M539_White,01M539,White,0.175,0.354,0.351,0.673
01M696_Asian,01M696,Asian,0.105,0.202,0.204,0.22
01M696_Black,01M696,Black,0.25,0.151,0.153,
01M696_Hispanic,01M696,Hispanic,0.416,0.241,0.24,0.122
01M696_White,01M696,White,0.175,0.338,0.337,0.585
02M047_Asian,02M047,Asian,0.106,0.047,0.047,
02M047_Black,02M047,Black,0.248,0.156,0.155,
02M047_Hispanic,02M047,Hispanic,0.478,0.727,0.723,
02M047_White,02M047,White,0.125,0.047,0.054,0.654
02M135_Asian,02M135,Asian,0.151,0.021,0.019,
02M135_Black,02M135,Black,0.269,0.358,0.353,0.167
02M135_Hispanic,02M135,Hispanic,0.381,0.565,0.567,0.333
02M135_White,02M135,White,0.152,0.036,0.036,0.4
02M139_Asian,02M139,Asian,0.116,0.054,0.035,
02M139_Black,02M139,Black,0.213,0.242,0.26,0.2
02M139_Hispanic,02M139,Hispanic,0.481,0.656,0.658,0.229
02M139_White,02M139,White,0.144,0.048,0.041,0.457
02M260_Asian,02M260,Asian,0.225,0.141,0.135,0.123
02M260_Black,02M260,Black,0.131,0.034,0.038,0.088
02M260_Hispanic,02M260,Hispanic,0.371,0.133,0.132,0.123
02M260_White,02M260,White,0.213,0.521,0.534,0.614
02M280_Asian,02M280,Asian,0.16,0.087,0.082,
02M280_Black,02M280,Black,0.266,0.283,0.275,0.179
02M280_Hispanic,02M280,Hispanic,0.382,0.557,0.589,
02M280_White,02M280,White,0.148,0.03,0.026,0.75
02M282_Asian,02M282,Asian,0.137,0.098,0.074,0.116
02M282_Black,02M282,Black,0.259,0.236,0.253,0.233
02M282_Hispanic,02M282,Hispanic,0.401,0.49,0.484,0.163
02M282_White,02M282,White,0.154,0.145,0.153,0.442
02M288_Asian,02M288,Asian,0.106,0.029,0.023,
02M288_Black,02M288,Black,0.208,0.311,0.307,0.282
02M288_Hispanic,02M288,Hispanic,0.524,0.597,0.608,0.128
02M288_White,02M288,White,0.12,0.032,0.033,0.41
02M294_Asian,02M294,Asian,0.103,0.056,0.054,
02M294_Black,02M294,Black,0.248,0.184,0.185,
02M294_Hispanic,02M294,Hispanic,0.41,0.357,0.362,
02M294_White,02M294,White,0.183,0.334,0.33,0.567
02M296_Asian,02M296,Asian,0.121,0.025,0.026,
02M296_Black,02M296,Black,0.218,0.253,0.187,0.25
02M296_Hispanic,02M296,Hispanic,0.451,0.671,0.728,
02M296_White,02M296,White,0.161,0.025,0.026,0.6
02M298_Asian,02M298,Asian,0.134,0.097,0.092,0.146
02M298_Black,02M298,Black,0.26,0.305,0.329,
02M298_Hispanic,02M298,Hispanic,0.405,0.5,0.508,0.22
02M298_White,02M298,White,0.153,0.063,0.046,0.463
02M300_Asian,02M300,Asian,0.111,0.009,0.005,
02M300_Black,02M300,Black,0.212,0.259,0.241,0.318
02M300_Hispanic,02M300,Hispanic,0.499,0.679,0.709,0.364
02M300_White,02M300,White,0.133,0.027,0.025,
02M303_Asian,02M303,Asian,0.12,0.006,0.011,0.0
02M303_Black,02M303,Black,0.218,0.214,0.202,0.22
02M303_Hispanic,02M303,Hispanic,0.45,0.728,0.738,0.268
02M303_White,02M303,White,0.162,0.035,0.03,0.488
02M305_Asian,02M305,Asian,0.142,0.122,0.112,
02M305_Black,02M305,Black,0.265,0.287,0.275,0.2
02M305_Hispanic,02M305,Hispanic,0.401,0.519,0.535,
02M305_White,02M305,White,0.146,0.039,0.05,0.52
02M308_Asian,02M308,Asian,0.099,0.095,0.061,
02M308_Black,02M308,Black,0.255,0.316,0.3,
02M308_Hispanic,02M308,Hispanic,0.41,0.558,0.589,0.179
02M308_White,02M308,White,0.181,0.021,0.027,0.536
02M316_Asian,02M316,Asian,0.163,0.038,0.024,0.0
02M316_Black,02M316,Black,0.265,0.434,0.296,
02M316_Hispanic,02M316,Hispanic,0.372,0.434,0.624,
02M316_White,02M316,White,0.156,0.094,0.048,0.5
02M374_Asian,02M374,Asian,0.118,0.05,0.05,
02M374_Black,02M374,Black,0.241,0.268,0.259,0.171
02M374_Hispanic,02M374,Hispanic,0.446,0.505,0.52,
02M374_White,02M374,White,0.148,0.134,0.135,0.629
02M376_Asian,02M376,Asian,0.104,0.09,0.081,
02M376_Black,02M376,Black,0.23,0.123,0.123,
02M376_Hispanic,02M376,Hispanic,0.415,0.366,0.383,0.222
02M376_White,02M376,White,0.194,0.347,0.325,0.611
02M392_Asian,02M392,Asian,0.115,0.033,0.055,0.147
02M392_Black,02M392,Black,0.237,0.273,0.247,
02M392_Hispanic,02M392,Hispanic,0.46,0.587,0.62,0.147
02M392_White,02M392,White,0.142,0.066,0.055,0.559
02M393_Asian,02M393,Asian,0.121,0.039,0.025,
02M393_Black,02M393,Black,0.214,0.268,0.299,0.316
02M393_Hispanic,02M393,Hispanic,0.462,0.658,0.648,0.211
02M393_White,02M393,White,0.154,0.03,0.022,0.368
02M395_Asian,02M395,Asian,0.153,0.062,0.058,
02M395_Black,02M395,Black,0.267,0.341,0.314,
02M395_Hispanic,02M395,Hispanic,0.375,0.326,0.372,
02M395_White,02M395,White,0.158,0.178,0.169,0.615
02M399_Asian,02M399,Asian,0.123,0.053,0.053,
02M399_Black,02M399,Black,0.193,0.211,0.205,0.0
02M399_Hispanic,02M399,Hispanic,0.426,0.579,0.606,
02M399_White,02M399,White,0.2,0.07,0.083,0.5
02M400_Asian,02M400,Asian,0.119,0.148,0.116,0.159
02M400_Black,02M400,Black,0.217,0.114,0.134,0.072
02M400_Hispanic,02M400,Hispanic,0.466,0.477,0.543,0.145
02M400_White,02M400,White,0.151,0.216,0.159,0.594
02M407_Asian,02M407,Asian,0.13,0.036,0.049,
02M407_Black,02M407,Black,0.19,0.173,0.195,
02M407_Hispanic,02M407,Hispanic,0.411,0.238,0.217,0.206
02M407_White,02M407,White,0.208,0.452,0.442,0.529
02M408_Asian,02M408,Asian,0.112,0.063,0.051,
02M408_Black,02M408,Black,0.206,0.188,0.228,
02M408_Hispanic,02M408,Hispanic,0.512,0.317,0.331,
02M408_White,02M408,White,0.127,0.379,0.331,0.71
02M411_Asian,02M411,Asian,0.126,0.3,0.292,
02M411_Black,02M411,Black,0.191,0.107,0.1,
02M411_Hispanic,02M411,Hispanic,0.44,0.331,0.336,
02M411_White,02M411,White,0.188,0.216,0.228,0.677
02M412_Asian,02M412,Asian,0.157,0.293,0.28,
02M412_Black,02M412,Black,0.155,0.066,0.072,
02M412_Hispanic,02M412,Hispanic,0.368,0.227,0.236,
02M412_White,02M412,White,0.254,0.365,0.352,0.857
02M413_Asian,02M413,Asian,0.223,0.203,0.177,
02M413_Black,02M413,Black,0.129,0.116,0.12,0.137
02M413_Hispanic,02M413,Hispanic,0.379,0.219,0.239,
02M413_White,02M413,White,0.211,0.392,0.378,0.765
02M414_Asian,02M414,Asian,0.125,0.196,0.193,
02M414_Black,02M414,Black,0.2,0.084,0.072,0.156
02M414_Hispanic,02M414,Hispanic,0.407,0.277,0.298,
02M414_White,02M414,White,0.208,0.377,0.35,0.594
02M416_Asian,02M416,Asian,0.108,0.236,0.22,0.235
02M416_Black,02M416,Black,0.202,0.083,0.081,
02M416_Hispanic,02M416,Hispanic,0.444,0.26,0.274,
02M416_White,02M416,White,0.192,0.345,0.339,0.676
02M418_Asian,02M418,Asian,0.123,0.386,0.378,0.205
02M418_Black,02M418,Black,0.242,0.054,0.06,
02M418_Hispanic,02M418,Hispanic,0.38,0.157,0.169,0.0
02M418_White,02M418,White,0.195,0.345,0.33,0.682
02M419_Asian,02M419,Asian,0.117,0.015,0.014,
02M419_Black,02M419,Black,0.208,0.27,0.221,
02M419_Hispanic,02M419,Hispanic,0.422,0.562,0.636,
02M419_White,02M419,White,0.195,0.088,0.071,0.613
02M420_Asian,02M420,Asian,0.124,0.213,0.191,0.223
02M420_Black,02M420,Black,0.238,0.134,0.15,0.087
02M420_Hispanic,02M420,Hispanic,0.431,0.526,0.535,0.126
02M420_White,02M420,White,0.158,0.094,0.088,0.515
02M422_Asian,02M422,Asian,0.201,0.125,0.075,0.114
02M422_Black,02M422,Black,0.128,0.205,0.219,
02M422_Hispanic,02M422,Hispanic,0.352,0.42,0.507,0.136
02M422_White,02M422,White,0.253,0.227,0.149,0.682
02M425_Asian,02M425,Asian,0.164,0.142,0.086,
02M425_Black,02M425,Black,0.261,0.236,0.255,
02M425_Hispanic,02M425,Hispanic,0.378,0.594,0.614,0.333
02M425_White,02M425,White,0.153,0.019,0.026,0.333
02M427_Asian,02M427,Asian,0.158,0.009,0.003,0.217
02M427_Black,02M427,Black,0.148,0.043,0.063,0.0
02M427_Hispanic,02M427,Hispanic,0.406,0.923,0.913,0.522
02M427_White,02M427,White,0.228,0.026,0.017,0.217
02M432_Asian,02M432,Asian,0.117,0.137,0.15,
02M432_Black,02M432,Black,0.216,0.253,0.207,0.0
02M432_Hispanic,02M432,Hispanic,0.479,0.473,0.493,
02M432_White,02M432,White,0.141,0.103,0.107,0.632
02M437_Asian,02M437,Asian,0.113,0.047,0.037,0.0
02M437_Black,02M437,Black,0.238,0.26,0.251,
02M437_Hispanic,02M437,Hispanic,0.456,0.606,0.647,
02M437_White,02M437,White,0.146,0.079,0.053,0.6
02M438_Asian,02M438,Asian,0.122,0.048,0.055,0.185
02M438_Black,02M438,Black,0.214,0.15,0.141,
02M438_Hispanic,02M438,Hispanic,0.432,0.713,0.734,0.296
02M438_White,02M438,White,0.178,0.066,0.042,0.407
02M439_Asian,02M439,Asian,0.122,0.196,0.163,
02M439_Black,02M439,Black,0.223,0.128,0.135,
02M439_Hispanic,02M439,Hispanic,0.447,0.497,0.522,0.207
02M439_White,02M439,White,0.158,0.145,0.145,0.552
02M449_Asian,02M449,Asian,0.106,0.019,0.023,0.158
02M449_Black,02M449,Black,0.177,0.242,0.269,0.237
02M449_Hispanic,02M449,Hispanic,0.43,0.633,0.601,0.184
02M449_White,02M449,White,0.229,0.077,0.085,0.368
02M459_Asian,02M459,Asian,0.136,0.052,0.05,0.24
02M459_Black,02M459,Black,0.191,0.153,0.131,
02M459_Hispanic,02M459,Hispanic,0.463,0.679,0.712,
02M459_White,02M459,White,0.162,0.1,0.089,0.36
02M475_Asian,02M475,Asian,0.155,0.713,0.713,0.209
02M475_Black,02M475,Black,0.262,0.018,0.02,0.032
02M475_Hispanic,02M475,Hispanic,0.387,0.039,0.043,0.095
02M475_White,02M475,White,0.151,0.17,0.165,0.633
02M489_Asian,02M489,Asian,0.163,0.202,0.18,0.156
02M489_Black,02M489,Black,0.263,0.17,0.18,
02M489_Hispanic,02M489,Hispanic,0.377,0.501,0.527,0.111
02M489_White,02M489,White,0.152,0.111,0.091,0.6
02M500_Asian,02M500,Asian,0.127,0.128,0.113,
02M500_Black,02M500,Black,0.207,0.156,0.145,
02M500_Hispanic,02M500,Hispanic,0.465,0.626,0.637,0.563
02M500_White,02M500,White,0.153,0.056,0.07,
02M507_Asian,02M507,Asian,0.127,0.067,0.069,0.158
02M507_Black,02M507,Black,0.201,0.157,0.185,0.184
02M507_Hispanic,02M507,Hispanic,0.423,0.61,0.605,0.132
02M507_White,02M507,White,0.193,0.142,0.114,0.474
02M519_Asian,02M519,Asian,0.114,0.048,0.045,0.171
02M519_Black,02M519,Black,0.185,0.195,0.188,
02M519_Hispanic,02M519,Hispanic,0.553,0.571,0.574,
02M519_White,02M519,White,0.11,0.135,0.141,0.6
02M520_Asian,02M520,Asian,0.144,0.02,0.03,
02M520_Black,02M520,Black,0.267,0.38,0.361,
02M520_Hispanic,02M520,Hispanic,0.386,0.54,0.541,
02M520_White,02M520,White,0.155,0.04,0.023,0.429
02M529_Asian,02M529,Asian,0.124,0.029,0.025,0.185
02M529_Black,02M529,Black,0.203,0.207,0.196,0.185
02M529_Hispanic,02M529,Hispanic,0.483,0.673,0.687,0.222
02M529_White,02M529,White,0.143,0.069,0.066,0.333
02M531_Asian,02M531,Asian,0.095,0.029,0.02,
02M531_Black,02M531,Black,0.221,0.217,0.245,
02M531_Hispanic,02M531,Hispanic,0.53,0.464,0.446,
02M531_White,02M531,White,0.114,0.21,0.196,0.722
02M533_Asian,02M533,Asian,0.119,0.144,0.14,0.152
02M533_Black,02M533,Black,0.241,0.135,0.154,
02M533_Hispanic,02M533,Hispanic,0.443,0.617,0.575,0.212
02M533_White,02M533,White,0.15,0.052,0.075,0.515
02M534_Asian,02M534,Asian,0.119,0.047,0.051,
02M534_Black,02M534,Black,0.218,0.251,0.235,0.306
02M534_Hispanic,02M534,Hispanic,0.429,0.512,0.53,0.167
02M534_White,02M534,White,0.181,0.137,0.13,0.361
02M542_Asian,02M542,Asian,0.105,0.0,0.0,
02M542_Black,02M542,Black,0.208,0.004,0.003,
02M542_Hispanic,02M542,Hispanic,0.525,0.992,0.987,0.567
02M542_White,02M542,White,0.12,0.0,0.0,0.233
02M543_Asian,02M543,Asian,0.143,0.086,0.055,
02M543_Black,02M543,Black,0.265,0.258,0.28,
02M543_Hispanic,02M543,Hispanic,0.4,0.583,0.602,0.116
02M543_White,02M543,White,0.145,0.046,0.034,0.698
02M545_Asian,02M545,Asian,0.101,0.948,0.937,0.522
02M545_Black,02M545,Black,0.262,0.004,0.008,
02M545_Hispanic,02M545,Hispanic,0.411,0.013,0.017,
02M545_White,02M545,White,0.173,0.017,0.019,0.348
02M546_Asian,02M546,Asian,0.118,0.183,0.15,0.194
02M546_Black,02M546,Black,0.25,0.283,0.254,0.139
02M546_Hispanic,02M546,Hispanic,0.464,0.457,0.515,0.167
02M546_White,02M546,White,0.124,0.043,0.05,0.417
02M551_Asian,02M551,Asian,0.195,0.065,0.05,
02M551_Black,02M551,Black,0.247,0.131,0.158,
02M551_Hispanic,02M551,Hispanic,0.342,0.395,0.413,
02M551_White,02M551,White,0.167,0.326,0.292,0.732
02M580_Asian,02M580,Asian,0.159,0.165,0.111,
02M580_Black,02M580,Black,0.244,0.081,0.165,
02M580_Hispanic,02M580,Hispanic,0.385,0.326,0.381,
02M580_White,02M580,White,0.161,0.339,0.256,0.692
02M600_Asian,02M600,Asian,0.107,0.055,0.039,0.097
02M600_Black,02M600,Black,0.239,0.266,0.286,0.107
02M600_Hispanic,02M600,Hispanic,0.491,0.585,0.593,0.146
02M600_White,02M600,White,0.121,0.064,0.053,0.602
02M605_Asian,02M605,Asian,0.116,0.073,0.071,
02M605_Black,02M605,Black,0.215,0.157,0.142,
02M605_Hispanic,02M605,Hispanic,0.43,0.518,0.56,
02M605_White,02M605,White,0.185,0.178,0.172,0.476
02M615_Asian,02M615,Asian,0.143,0.123,0.106,0.167
02M615_Black,02M615,Black,0.258,0.266,0.26,0.194
02M615_Hispanic,02M615,Hispanic,0.428,0.545,0.557,0.167
02M615_White,02M615,White,0.129,0.043,0.052,0.444
02M630_Asian,02M630,Asian,0.118,0.094,0.089,0.134
02M630_Black,02M630,Black,0.19,0.12,0.125,0.113
02M630_Hispanic,02M630,Hispanic,0.528,0.384,0.405,0.134
02M630_White,02M630,White,0.122,0.328,0.309,0.588
02M655_Asian,02M655,Asian,0.072,0.063,0.045,
02M655_Black,02M655,Black,0.246,0.222,0.226,
02M655_Hispanic,02M655,Hispanic,0.464,0.57,0.613,
02M655_White,02M655,White,0.171,0.068,0.055,0.64
03M291_Asian,03M291,Asian,0.104,0.063,0.061,
03M291_Black,03M291,Black,0.112,0.118,0.123,
03M291_Hispanic,03M291,Hispanic,0.391,0.287,0.286,0.132
03M291_White,03M291,White,0.325,0.494,0.489,0.66
03M307_Asian,03M307,Asian,0.109,0.025,0.024,
03M307_Black,03M307,Black,0.22,0.238,0.241,
03M307_Hispanic,03M307,Hispanic,0.478,0.663,0.657,0.171
03M307_White,03M307,White,0.147,0.051,0.057,0.514
03M402_Asian,03M402,Asian,0.07,0.01,0.015,0.0
03M402_Black,03M402,Black,0.238,0.15,0.164,
03M402_Hispanic,03M402,Hispanic,0.522,0.79,0.759,0.32
03M402_White,03M402,White,0.128,0.02,0.04,0.52
03M403_Asian,03M403,Asian,0.068,0.013,0.013,
03M403_Black,03M403,Black,0.258,0.235,0.201,
03M403_Hispanic,03M403,Hispanic,0.464,0.693,0.718,0.152
03M403_White,03M403,White,0.16,0.042,0.038,0.606
03M415_Asian,03M415,Asian,0.035,0.007,0.007,
03M415_Black,03M415,Black,0.31,0.313,0.358,0.316
03M415_Hispanic,03M415,Hispanic,0.499,0.597,0.566,0.211
03M415_White,03M415,White,0.114,0.03,0.022,0.342
03M417_Asian,03M417,Asian,0.073,0.049,0.044,
03M417_Black,03M417,Black,0.265,0.142,0.168,0.161
03M417_Hispanic,03M417,Hispanic,0.437,0.506,0.512,0.194
03M417_White,03M417,White,0.171,0.251,0.234,0.548
03M479_Asian,03M479,Asian,0.119,0.143,0.127,0.107
03M479_Black,03M479,Black,0.22,0.107,0.124,0.119
03M479_Hispanic,03M479,Hispanic,0.45,0.304,0.324,0.131
03M479_White,03M479,White,0.161,0.372,0.35,0.631
03M485_Asian,03M485,Asian,0.094,0.2,0.193,0.121
03M485_Black,03M485,Black,0.204,0.098,0.113,0.121
03M485_Hispanic,03M485,Hispanic,0.564,0.175,0.175,0.101
03M485_White,03M485,White,0.102,0.412,0.393,0.591
03M492_Asian,03M492,Asian,0.106,0.032,0.03,0.132
03M492_Black,03M492,Black,0.215,0.255,0.258,0.289
03M492_Hispanic,03M492,Hispanic,0.515,0.648,0.655,
03M492_White,03M492,White,0.123,0.052,0.049,0.421
03M494_Asian,03M494,Asian,0.11,0.033,0.025,0.175
03M494_Black,03M494,Black,0.219,0.255,0.298,
03M494_Hispanic,03M494,Hispanic,0.482,0.682,0.639,0.175
03M494_White,03M494,White,0.143,0.0,0.013,0.6
03M541_Asian,03M541,Asian,0.104,0.263,0.258,0.179
03M541_Black,03M541,Black,0.213,0.122,0.127,
03M541_Hispanic,03M541,Hispanic,0.529,0.415,0.41,
03M541_White,03M541,White,0.114,0.176,0.176,0.571
03M610_Asian,03M610,Asian,0.053,0.056,0.049,
03M610_Black,03M610,Black,0.3,0.303,0.313,0.171
03M610_Hispanic,03M610,Hispanic,0.422,0.562,0.556,0.286
03M610_White,03M610,White,0.172,0.039,0.045,0.457
03M859_Asian,03M859,Asian,0.093,0.17,0.159,
03M859_Black,03M859,Black,0.229,0.071,0.08,
03M859_Hispanic,03M859,Hispanic,0.443,0.184,0.199,
03M859_White,03M859,White,0.182,0.418,0.409,0.72
03M860_Asian,03M860,Asian,0.037,0.011,0.015,
03M860_Black,03M860,Black,0.379,0.58,0.578,0.457
03M860_Hispanic,03M860,Hispanic,0.446,0.318,0.331,0.171
03M860_White,03M860,White,0.09,0.04,0.038,0.286
04M372_Asian,04M372,Asian,0.051,0.0,0.006,
04M372_Black,04M372,Black,0.306,0.154,0.127,
04M372_Hispanic,04M372,Hispanic,0.586,0.764,0.818,0.647
04M372_White,04M372,White,0.029,0.033,0.017,0.25
04M435_Asian,04M435,Asian,0.065,0.273,0.252,0.115
04M435_Black,04M435,Black,0.238,0.163,0.166,0.115
04M435_Hispanic,04M435,Hispanic,0.578,0.418,0.443,0.344
04M435_White,04M435,White,0.085,0.104,0.098,0.396
04M495_Asian,04M495,Asian,0.053,0.073,0.075,
04M495_Black,04M495,Black,0.279,0.27,0.258,
04M495_Hispanic,04M495,Hispanic,0.489,0.581,0.591,0.194
04M495_White,04M495,White,0.135,0.052,0.043,0.667
04M555_Asian,04M555,Asian,0.052,0.128,0.108,0.0
04M555_Black,04M555,Black,0.26,0.198,0.221,
04M555_Hispanic,04M555,Hispanic,0.55,0.572,0.569,
04M555_White,04M555,White,0.102,0.078,0.075,0.75
04M680_Asian,04M680,Asian,0.056,0.011,0.009,
04M680_Black,04M680,Black,0.319,0.318,0.322,0.0
04M680_Hispanic,04M680,Hispanic,0.507,0.648,0.635,
04M680_White,04M680,White,0.079,0.011,0.009,0.636
05M148_Asian,05M148,Asian,0.02,0.0,0.0,
05M148_Black,05M148,Black,0.425,0.534,0.61,0.556
05M148_Hispanic,05M148,Hispanic,0.459,0.362,0.305,0.222
05M148_White,05M148,White,0.056,0.017,0.017,
05M157_Asian,05M157,Asian,0.02,0.0,0.013,
05M157_Black,05M157,Black,0.445,0.568,0.453,
05M157_Hispanic,05M157,Hispanic,0.456,0.365,0.453,0.263
05M157_White,05M157,White,0.037,0.014,0.013,0.474
05M304_Asian,05M304,Asian,0.019,0.007,0.011,0.0
05M304_Black,05M304,Black,0.399,0.304,0.331,0.333
05M304_Hispanic,05M304,Hispanic,0.493,0.644,0.612,0.296
05M304_White,05M304,White,0.051,0.037,0.032,0.296
05M362_Asian,05M362,Asian,0.03,0.1,0.102,
05M362_Black,05M362,Black,0.365,0.193,0.208,
05M362_Hispanic,05M362,Hispanic,0.49,0.358,0.369,0.1
05M362_White,05M362,White,0.073,0.271,0.239,0.7
05M369_Asian,05M369,Asian,0.025,0.0,0.0,0.0
05M369_Black,05M369,Black,0.39,0.52,0.537,0.556
05M369_Hispanic,05M369,Hispanic,0.476,0.459,0.451,
05M369_White,05M369,White,0.068,0.01,0.006,
05M499_Asian,05M499,Asian,0.013,0.016,0.008,0.109
05M499_Black,05M499,Black,0.34,0.61,0.573,0.491
05M499_Hispanic,05M499,Hispanic,0.592,0.305,0.356,0.218
05M499_White,05M499,White,0.027,0.033,0.032,0.164
05M670_Asian,05M670,Asian,0.016,0.0,0.003,
05M670_Black,05M670,Black,0.486,0.703,0.684,0.535
05M670_Hispanic,05M670,Hispanic,0.421,0.238,0.258,0.116
05M670_White,05M670,White,0.038,0.012,0.014,0.279
05M692_Asian,05M692,Asian,0.024,0.286,0.286,0.167
05M692_Black,05M692,Black,0.269,0.089,0.089,
05M692_Hispanic,05M692,Hispanic,0.615,0.159,0.158,
05M692_White,05M692,White,0.065,0.354,0.354,0.633
06M211_Asian,06M211,Asian,0.011,0.007,0.005,
06M211_Black,06M211,Black,0.05,0.036,0.05,0.242
06M211_Hispanic,06M211,Hispanic,0.854,0.942,0.936,0.242
06M211_White,06M211,White,0.065,0.007,0.003,0.455
06M293_Asian,06M293,Asian,0.013,0.0,0.0,
06M293_Black,06M293,Black,0.048,0.023,0.018,0.146
06M293_Hispanic,06M293,Hispanic,0.862,0.943,0.95,0.333
06M293_White,06M293,White,0.06,0.019,0.018,0.375
06M346_Asian,06M346,Asian,0.016,0.014,0.014,
06M346_Black,06M346,Black,0.205,0.118,0.109,0.098
06M346_Hispanic,06M346,Hispanic,0.719,0.835,0.839,0.333
06M346_White,06M346,White,0.037,0.024,0.026,0.431
06M348_Asian,06M348,Asian,0.011,0.008,0.007,
06M348_Black,06M348,Black,0.134,0.026,0.025,0.098
06M348_Hispanic,06M348,Hispanic,0.778,0.944,0.948,0.5
06M348_White,06M348,White,0.054,0.008,0.01,0.341
06M462_Asian,06M462,Asian,0.012,0.018,0.011,
06M462_Black,06M462,Black,0.166,0.088,0.097,
06M462_Hispanic,06M462,Hispanic,0.767,0.871,0.869,0.643
06M462_White,06M462,White,0.038,0.006,0.009,0.25
06M463_Asian,06M463,Asian,0.012,0.004,0.003,
06M463_Black,06M463,Black,0.171,0.084,0.077,
06M463_Hispanic,06M463,Hispanic,0.767,0.891,0.89,0.531
06M463_White,06M463,White,0.034,0.004,0.011,0.188
06M467_Asian,06M467,Asian,0.012,0.015,0.008,
06M467_Black,06M467,Black,0.193,0.089,0.054,
06M467_Hispanic,06M467,Hispanic,0.754,0.852,0.912,0.486
06M467_White,06M467,White,0.025,0.03,0.012,0.378
06M468_Asian,06M468,Asian,0.011,0.026,0.012,0.0
06M468_Black,06M468,Black,0.183,0.094,0.068,0.25
06M468_Hispanic,06M468,Hispanic,0.764,0.853,0.896,0.528
06M468_White,06M468,White,0.026,0.016,0.012,0.222
06M540_Asian,06M540,Asian,0.021,0.031,0.018,0.069
06M540_Black,06M540,Black,0.317,0.355,0.323,0.161
06M540_Hispanic,06M540,Hispanic,0.585,0.58,0.621,0.402
06M540_White,06M540,White,0.046,0.022,0.018,0.31
06M552_Asian,06M552,Asian,0.014,0.0,0.0,
06M552_Black,06M552,Black,0.23,0.0,0.0,
06M552_Hispanic,06M552,Hispanic,0.699,0.94,0.955,0.756
06M552_White,06M552,White,0.035,0.002,0.002,
07X221_Asian,07X221,Asian,0.004,0.0,0.003,
07X221_Black,07X221,Black,0.27,0.265,0.282,0.204
07X221_Hispanic,07X221,Hispanic,0.69,0.709,0.686,0.167
07X221_White,07X221,White,0.014,0.017,0.019,0.5
07X223_Asian,07X223,Asian,0.005,0.006,0.005,
07X223_Black,07X223,Black,0.269,0.194,0.189,0.232
07X223_Hispanic,07X223,Hispanic,0.69,0.787,0.791,0.411
07X223_White,07X223,White,0.015,0.006,0.008,0.25
07X259_Asian,07X259,Asian,0.008,0.017,0.012,
07X259_Black,07X259,Black,0.342,0.339,0.345,0.169
07X259_Hispanic,07X259,Hispanic,0.614,0.616,0.615,0.268
07X259_White,07X259,White,0.015,0.012,0.01,0.423
07X334_Asian,07X334,Asian,0.008,0.01,0.008,0.194
07X334_Black,07X334,Black,0.336,0.153,0.137,
07X334_Hispanic,07X334,Hispanic,0.618,0.782,0.818,0.29
07X334_White,07X334,White,0.015,0.02,0.014,0.419
07X427_Asian,07X427,Asian,0.014,0.0,0.0,
07X427_Black,07X427,Black,0.349,0.355,0.294,
07X427_Hispanic,07X427,Hispanic,0.584,0.629,0.668,0.333
07X427_White,07X427,White,0.026,0.0,0.005,0.5
07X473_Asian,07X473,Asian,0.005,0.0,0.0,0.0
07X473_Black,07X473,Black,0.335,0.189,0.187,
07X473_Hispanic,07X473,Hispanic,0.627,0.805,0.803,
07X473_White,07X473,White,0.012,0.006,0.005,0.619
07X495_Asian,07X495,Asian,0.009,0.035,0.032,
07X495_Black,07X495,Black,0.34,0.318,0.323,0.188
07X495_Hispanic,07X495,Hispanic,0.615,0.585,0.587,0.438
07X495_White,07X495,White,0.016,0.033,0.03,0.344
07X500_Asian,07X500,Asian,0.006,0.006,0.007,0.128
07X500_Black,07X500,Black,0.294,0.256,0.239,0.333
07X500_Hispanic,07X500,Hispanic,0.665,0.719,0.734,0.179
07X500_White,07X500,White,0.014,0.006,0.007,0.359
07X522_Asian,07X522,Asian,0.011,0.013,0.009,
07X522_Black,07X522,Black,0.324,0.288,0.315,0.464
07X522_Hispanic,07X522,Hispanic,0.62,0.673,0.644,0.214
07X522_White,07X522,White,0.022,0.007,0.009,0.286
07X527_Asian,07X527,Asian,0.01,0.012,0.011,
07X527_Black,07X527,Black,0.35,0.314,0.309,0.459
07X527_Hispanic,07X527,Hispanic,0.601,0.649,0.651,0.135
07X527_White,07X527,White,0.016,0.017,0.019,0.378
07X548_Asian,07X548,Asian,0.009,0.0,0.0,0.0
07X548_Black,07X548,Black,0.337,0.23,0.26,0.316
07X548_Hispanic,07X548,Hispanic,0.614,0.75,0.715,0.421
07X548_White,07X548,White,0.018,0.015,0.015,0.211
07X551_Asian,07X551,Asian,0.004,0.0,0.0,
07X551_Black,07X551,Black,0.299,0.289,0.304,0.109
07X551_Hispanic,07X551,Hispanic,0.655,0.679,0.649,0.255
07X551_White,07X551,White,0.014,0.019,0.034,0.545
07X600_Asian,07X600,Asian,0.011,0.024,0.017,0.167
07X600_Black,07X600,Black,0.325,0.252,0.274,0.194
07X600_Hispanic,07X600,Hispanic,0.62,0.701,0.685,0.389
07X600_White,07X600,White,0.021,0.0,0.01,0.25
07X625_Asian,07X625,Asian,0.01,0.0,0.004,
07X625_Black,07X625,Black,0.327,0.262,0.275,0.407
07X625_Hispanic,07X625,Hispanic,0.622,0.713,0.702,0.259
07X625_White,07X625,White,0.019,0.008,0.012,0.185
07X670_Asian,07X670,Asian,0.013,0.0,0.0,
07X670_Black,07X670,Black,0.358,0.358,0.318,
07X670_Hispanic,07X670,Hispanic,0.577,0.593,0.659,
07X670_White,07X670,White,0.025,0.0,0.004,0.476
08X269_Asian,08X269,Asian,0.006,0.011,0.016,
08X269_Black,08X269,Black,0.26,0.183,0.182,0.13
08X269_Hispanic,08X269,Hispanic,0.709,0.785,0.768,0.278
08X269_White,08X269,White,0.013,0.022,0.029,0.519
08X282_Asian,08X282,Asian,0.114,0.121,0.137,
08X282_Black,08X282,Black,0.227,0.288,0.286,0.278
08X282_Hispanic,08X282,Hispanic,0.616,0.439,0.429,
08X282_White,08X282,White,0.017,0.083,0.095,0.389
08X293_Asian,08X293,Asian,0.137,0.025,0.021,
08X293_Black,08X293,Black,0.21,0.244,0.269,0.212
08X293_Hispanic,08X293,Hispanic,0.559,0.675,0.655,0.242
08X293_White,08X293,White,0.065,0.036,0.029,0.455
08X312_Asian,08X312,Asian,0.132,0.025,0.029,
08X312_Black,08X312,Black,0.23,0.233,0.278,0.176
08X312_Hispanic,08X312,Hispanic,0.59,0.7,0.646,0.324
08X312_White,08X312,White,0.021,0.0,0.02,0.382
08X320_Asian,08X320,Asian,0.188,0.092,0.08,0.167
08X320_Black,08X320,Black,0.169,0.338,0.297,0.3
08X320_Hispanic,08X320,Hispanic,0.53,0.444,0.5,0.167
08X320_White,08X320,White,0.078,0.085,0.084,0.367
08X348_Asian,08X348,Asian,0.197,0.143,0.11,0.2
08X348_Black,08X348,Black,0.167,0.236,0.271,
08X348_Hispanic,08X348,Hispanic,0.521,0.421,0.488,0.36
08X348_White,08X348,White,0.079,0.114,0.079,0.4
08X349_Asian,08X349,Asian,0.185,0.137,0.089,
08X349_Black,08X349,Black,0.17,0.205,0.202,
08X349_Hispanic,08X349,Hispanic,0.531,0.59,0.642,0.364
08X349_White,08X349,White,0.08,0.043,0.041,0.424
08X367_Asian,08X367,Asian,0.046,0.079,0.078,0.102
08X367_Black,08X367,Black,0.29,0.229,0.194,0.143
08X367_Hispanic,08X367,Hispanic,0.627,0.643,0.668,0.245
08X367_White,08X367,White,0.016,0.029,0.034,0.469
08X376_Asian,08X376,Asian,0.085,0.063,0.081,
08X376_Black,08X376,Black,0.253,0.203,0.233,0.184
08X376_Hispanic,08X376,Hispanic,0.618,0.719,0.647,0.289
08X376_White,08X376,White,0.019,0.0,0.019,0.316
08X405_Asian,08X405,Asian,0.139,0.069,0.073,0.065
08X405_Black,08X405,Black,0.207,0.275,0.248,0.075
08X405_Hispanic,08X405,Hispanic,0.558,0.52,0.574,0.237
08X405_White,08X405,White,0.066,0.104,0.079,0.602
08X432_Asian,08X432,Asian,0.129,0.101,0.077,
08X432_Black,08X432,Black,0.227,0.084,0.082,0.171
08X432_Hispanic,08X432,Hispanic,0.595,0.775,0.798,0.429
08X432_White,08X432,White,0.02,0.017,0.019,0.257
08X452_Asian,08X452,Asian,0.129,0.052,0.054,
08X452_Black,08X452,Black,0.235,0.242,0.308,0.207
08X452_Hispanic,08X452,Hispanic,0.589,0.654,0.597,0.276
08X452_White,08X452,White,0.02,0.033,0.027,0.276
08X530_Asian,08X530,Asian,0.005,0.008,0.008,
08X530_Black,08X530,Black,0.326,0.292,0.299,0.389
08X530_Hispanic,08X530,Hispanic,0.637,0.679,0.665,0.333
08X530_White,08X530,White,0.013,0.013,0.011,0.194
08X558_Asian,08X558,Asian,0.187,0.148,0.118,
08X558_Black,08X558,Black,0.169,0.273,0.264,0.235
08X558_Hispanic,08X558,Hispanic,0.53,0.5,0.527,0.353
08X558_White,08X558,White,0.08,0.045,0.067,0.324
08X561_Asian,08X561,Asian,0.132,0.061,0.066,
08X561_Black,08X561,Black,0.236,0.268,0.278,0.235
08X561_Hispanic,08X561,Hispanic,0.586,0.603,0.593,0.441
08X561_White,08X561,White,0.02,0.019,0.024,0.294
08X636_Asian,08X636,Asian,0.046,0.036,0.065,0.25
08X636_Black,08X636,Black,0.242,0.345,0.246,0.35
08X636_Hispanic,08X636,Hispanic,0.628,0.369,0.484,0.25
08X636_White,08X636,White,0.057,0.179,0.141,
09X227_Asian,09X227,Asian,0.008,0.013,0.014,
09X227_Black,09X227,Black,0.306,0.288,0.292,0.214
09X227_Hispanic,09X227,Hispanic,0.662,0.642,0.648,0.25
09X227_White,09X227,White,0.009,0.027,0.019,0.429
09X231_Asian,09X231,Asian,0.01,0.011,0.006,0.0
09X231_Black,09X231,Black,0.274,0.581,0.505,0.526
09X231_Hispanic,09X231,Hispanic,0.69,0.376,0.464,0.263
09X231_White,09X231,White,0.011,0.0,0.006,0.184
09X241_Asian,09X241,Asian,0.005,0.0,0.0,
09X241_Black,09X241,Black,0.34,0.289,0.271,0.21
09X241_Hispanic,09X241,Hispanic,0.629,0.698,0.719,0.403
09X241_White,09X241,White,0.01,0.0,0.0,0.29
09X250_Asian,09X250,Asian,0.007,0.0,0.005,
09X250_Black,09X250,Black,0.337,0.269,0.29,0.214
09X250_Hispanic,09X250,Hispanic,0.628,0.719,0.678,0.286
09X250_White,09X250,White,0.011,0.012,0.019,0.393
09X252_Asian,09X252,Asian,0.007,0.005,0.003,
09X252_Black,09X252,Black,0.322,0.285,0.293,0.207
09X252_Hispanic,09X252,Hispanic,0.646,0.688,0.685,0.31
09X252_White,09X252,White,0.01,0.009,0.006,0.379
09X260_Asian,09X260,Asian,0.008,0.064,0.057,
09X260_Black,09X260,Black,0.312,0.324,0.303,0.194
09X260_Hispanic,09X260,Hispanic,0.653,0.583,0.616,0.226
09X260_White,09X260,White,0.011,0.02,0.01,0.484
09X263_Asian,09X263,Asian,0.006,0.0,0.0,
09X263_Black,09X263,Black,0.334,0.439,0.378,0.308
09X263_Hispanic,09X263,Hispanic,0.635,0.561,0.608,0.346
09X263_White,09X263,White,0.009,0.0,0.004,0.231
09X297_Asian,09X297,Asian,0.008,0.0,0.002,
09X297_Black,09X297,Black,0.307,0.271,0.273,0.256
09X297_Hispanic,09X297,Hispanic,0.656,0.71,0.707,0.163
09X297_White,09X297,White,0.013,0.009,0.011,0.465
09X324_Asian,09X324,Asian,0.014,0.021,0.011,0.0
09X324_Black,09X324,Black,0.33,0.125,0.184,0.179
09X324_Hispanic,09X324,Hispanic,0.626,0.813,0.775,0.286
09X324_White,09X324,White,0.011,0.0,0.004,0.429
09X327_Asian,09X327,Asian,0.005,0.0,0.0,0.086
09X327_Black,09X327,Black,0.258,0.168,0.164,0.276
09X327_Hispanic,09X327,Hispanic,0.719,0.811,0.823,0.31
09X327_White,09X327,White,0.007,0.02,0.011,0.276
09X329_Asian,09X329,Asian,0.008,0.0,0.0,0.0
09X329_Black,09X329,Black,0.304,0.292,0.276,0.222
09X329_Hispanic,09X329,Hispanic,0.665,0.64,0.683,0.481
09X329_White,09X329,White,0.009,0.045,0.024,0.222
09X365_Asian,09X365,Asian,0.008,0.0,0.0,0.0
09X365_Black,09X365,Black,0.246,0.0,0.0,0.0
09X365_Hispanic,09X365,Hispanic,0.725,0.996,0.997,0.435
09X365_White,09X365,White,0.008,0.0,0.0,0.435
09X403_Asian,09X403,Asian,0.008,0.017,0.014,0.296
09X403_Black,09X403,Black,0.33,0.282,0.265,0.185
09X403_Hispanic,09X403,Hispanic,0.633,0.664,0.689,
09X403_White,09X403,White,0.012,0.012,0.009,0.37
09X412_Asian,09X412,Asian,0.008,0.009,0.003,0.0
09X412_Black,09X412,Black,0.305,0.31,0.305,0.286
09X412_Hispanic,09X412,Hispanic,0.663,0.621,0.658,0.321
09X412_White,09X412,White,0.009,0.026,0.017,0.357
09X413_Asian,09X413,Asian,0.008,0.041,0.046,
09X413_Black,09X413,Black,0.306,0.211,0.189,0.19
09X413_Hispanic,09X413,Hispanic,0.663,0.732,0.745,0.429
09X413_White,09X413,White,0.009,0.016,0.008,0.357
09X505_Asian,09X505,Asian,0.015,0.014,0.007,
09X505_Black,09X505,Black,0.329,0.23,0.21,0.293
09X505_Hispanic,09X505,Hispanic,0.622,0.739,0.758,0.276
09X505_White,09X505,White,0.013,0.005,0.009,0.379
09X517_Asian,09X517,Asian,0.006,0.0,0.0,0.0
09X517_Black,09X517,Black,0.381,0.438,0.424,0.478
09X517_Hispanic,09X517,Hispanic,0.586,0.534,0.55,0.261
09X517_White,09X517,White,0.01,0.0,0.004,0.217
09X525_Asian,09X525,Asian,0.008,0.003,0.003,
09X525_Black,09X525,Black,0.303,0.308,0.316,0.344
09X525_Hispanic,09X525,Hispanic,0.665,0.653,0.643,0.344
09X525_White,09X525,White,0.009,0.012,0.016,0.156
09X543_Asian,09X543,Asian,0.008,0.0,0.0,
09X543_Black,09X543,Black,0.314,0.234,0.252,
09X543_Hispanic,09X543,Hispanic,0.649,0.753,0.703,0.333
09X543_White,09X543,White,0.013,0.013,0.018,0.333
09X564_Asian,09X564,Asian,0.008,0.005,0.008,0.0
09X564_Black,09X564,Black,0.302,0.26,0.23,0.161
09X564_Hispanic,09X564,Hispanic,0.668,0.699,0.734,0.355
09X564_White,09X564,White,0.009,0.009,0.008,0.484
09X568_Asian,09X568,Asian,0.007,0.027,0.036,
09X568_Black,09X568,Black,0.274,0.245,0.269,
09X568_Hispanic,09X568,Hispanic,0.697,0.701,0.673,0.25
09X568_White,09X568,White,0.008,0.02,0.01,0.477
10X141_Asian,10X141,Asian,0.044,0.062,0.049,
10X141_Black,10X141,Black,0.064,0.089,0.092,0.14
10X141_Hispanic,10X141,Hispanic,0.678,0.578,0.641,0.2
10X141_White,10X141,White,0.176,0.238,0.191,0.57
10X213_Asian,10X213,Asian,0.025,0.049,0.044,0.147
10X213_Black,10X213,Black,0.147,0.287,0.255,0.412
10X213_Hispanic,10X213,Hispanic,0.771,0.598,0.645,0.176
10X213_White,10X213,White,0.037,0.043,0.032,0.265
10X225_Asian,10X225,Asian,0.012,0.0,0.0,0.098
10X225_Black,10X225,Black,0.23,0.274,0.253,0.196
10X225_Hispanic,10X225,Hispanic,0.734,0.689,0.706,0.176
10X225_White,10X225,White,0.011,0.016,0.009,0.451
10X228_Asian,10X228,Asian,0.013,0.06,0.043,
10X228_Black,10X228,Black,0.189,0.209,0.136,0.2
10X228_Hispanic,10X228,Hispanic,0.768,0.716,0.786,0.314
10X228_White,10X228,White,0.016,0.015,0.029,0.314
10X237_Asian,10X237,Asian,0.028,0.005,0.004,
10X237_Black,10X237,Black,0.128,0.262,0.263,0.333
10X237_Hispanic,10X237,Hispanic,0.78,0.691,0.688,
10X237_White,10X237,White,0.043,0.021,0.03,0.571
10X243_Asian,10X243,Asian,0.009,0.014,0.006,
10X243_Black,10X243,Black,0.205,0.167,0.164,0.255
10X243_Hispanic,10X243,Hispanic,0.755,0.819,0.813,0.382
10X243_White,10X243,White,0.016,0.0,0.006,0.309
10X264_Asian,10X264,Asian,0.025,0.043,0.03,
10X264_Black,10X264,Black,0.212,0.214,0.248,0.158
10X264_Hispanic,10X264,Hispanic,0.712,0.7,0.663,0.368
10X264_White,10X264,White,0.035,0.021,0.032,0.316
10X268_Asian,10X268,Asian,0.017,0.091,0.019,
10X268_Black,10X268,Black,0.149,0.091,0.034,
10X268_Hispanic,10X268,Hispanic,0.797,0.773,0.913,0.647
10X268_White,10X268,White,0.02,0.045,0.024,
10X284_Asian,10X284,Asian,0.023,0.034,0.018,
10X284_Black,10X284,Black,0.138,0.235,0.22,
10X284_Hispanic,10X284,Hispanic,0.784,0.698,0.723,0.36
10X284_White,10X284,White,0.036,0.02,0.021,0.4
10X342_Asian,10X342,Asian,0.018,0.0,0.0,
10X342_Black,10X342,Black,0.149,0.0,0.0,
10X342_Hispanic,10X342,Hispanic,0.797,1.0,0.997,0.696
10X342_White,10X342,White,0.02,0.0,0.003,0.174
10X351_Asian,10X351,Asian,0.038,0.018,0.021,0.0
10X351_Black,10X351,Black,0.167,0.125,0.133,0.147
10X351_Hispanic,10X351,Hispanic,0.735,0.716,0.72,0.265
10X351_White,10X351,White,0.036,0.015,0.021,0.559
10X353_Asian,10X353,Asian,0.039,0.045,0.033,
10X353_Black,10X353,Black,0.162,0.183,0.156,0.086
10X353_Hispanic,10X353,Hispanic,0.739,0.72,0.761,0.345
10X353_White,10X353,White,0.037,0.013,0.018,0.431
10X368_Asian,10X368,Asian,0.028,0.018,0.017,
10X368_Black,10X368,Black,0.099,0.077,0.065,0.211
10X368_Hispanic,10X368,Hispanic,0.743,0.864,0.875,0.342
10X368_White,10X368,White,0.104,0.023,0.026,0.329
10X374_Asian,10X374,Asian,0.021,0.01,0.02,
10X374_Black,10X374,Black,0.197,0.264,0.221,
10X374_Hispanic,10X374,Hispanic,0.746,0.651,0.692,0.242
10X374_White,10X374,White,0.02,0.047,0.048,0.545
10X433_Asian,10X433,Asian,0.018,0.021,0.015,
10X433_Black,10X433,Black,0.155,0.165,0.15,
10X433_Hispanic,10X433,Hispanic,0.791,0.787,0.81,0.472
10X433_White,10X433,White,0.02,0.011,0.009,0.361
10X434_Asian,10X434,Asian,0.016,0.006,0.009,
10X434_Black,10X434,Black,0.198,0.196,0.222,
10X434_Hispanic,10X434,Hispanic,0.753,0.756,0.733,0.231
10X434_White,10X434,White,0.017,0.024,0.018,0.462
10X437_Asian,10X437,Asian,0.026,0.034,0.034,0.0
10X437_Black,10X437,Black,0.225,0.277,0.274,0.2
10X437_Hispanic,10X437,Hispanic,0.7,0.648,0.655,0.167
10X437_White,10X437,White,0.031,0.015,0.011,0.567
10X438_Asian,10X438,Asian,0.021,0.01,0.011,0.0
10X438_Black,10X438,Black,0.198,0.235,0.238,
10X438_Hispanic,10X438,Hispanic,0.744,0.702,0.699,0.448
10X438_White,10X438,White,0.022,0.03,0.03,0.414
10X439_Asian,10X439,Asian,0.021,0.044,0.028,
10X439_Black,10X439,Black,0.197,0.163,0.186,0.152
10X439_Hispanic,10X439,Hispanic,0.744,0.738,0.736,0.182
10X439_White,10X439,White,0.022,0.044,0.036,0.515
10X440_Asian,10X440,Asian,0.031,0.076,0.058,
10X440_Black,10X440,Black,0.207,0.271,0.261,0.202
10X440_Hispanic,10X440,Hispanic,0.701,0.581,0.611,0.298
10X440_White,10X440,White,0.039,0.028,0.029,0.393
10X442_Asian,10X442,Asian,0.023,0.027,0.025,
10X442_Black,10X442,Black,0.218,0.293,0.268,0.273
10X442_Hispanic,10X442,Hispanic,0.704,0.658,0.673,0.333
10X442_White,10X442,White,0.035,0.008,0.01,0.333
10X445_Asian,10X445,Asian,0.057,0.616,0.603,0.183
10X445_Black,10X445,Black,0.252,0.053,0.054,
10X445_Hispanic,10X445,Hispanic,0.602,0.094,0.1,0.106
10X445_White,10X445,White,0.061,0.195,0.198,0.655
10X477_Asian,10X477,Asian,0.022,0.089,0.07,0.147
10X477_Black,10X477,Black,0.125,0.156,0.118,
10X477_Hispanic,10X477,Hispanic,0.79,0.693,0.762,0.324
10X477_White,10X477,White,0.043,0.052,0.038,0.471
10X524_Asian,10X524,Asian,0.019,0.008,0.008,0.261
10X524_Black,10X524,Black,0.22,0.031,0.092,
10X524_Hispanic,10X524,Hispanic,0.713,0.954,0.885,0.304
10X524_White,10X524,White,0.032,0.008,0.011,0.261
10X546_Asian,10X546,Asian,0.025,0.0,0.0,0.0
10X546_Black,10X546,Black,0.151,0.188,0.279,
10X546_Hispanic,10X546,Hispanic,0.767,0.765,0.676,0.409
10X546_White,10X546,White,0.037,0.035,0.023,0.364
10X549_Asian,10X549,Asian,0.018,0.03,0.023,
10X549_Black,10X549,Black,0.141,0.134,0.149,
10X549_Hispanic,10X549,Hispanic,0.804,0.799,0.794,
10X549_White,10X549,White,0.02,0.037,0.026,0.571
10X565_Asian,10X565,Asian,0.01,0.0,0.006,
10X565_Black,10X565,Black,0.239,0.235,0.268,0.308
10X565_Hispanic,10X565,Hispanic,0.717,0.73,0.68,0.423
10X565_White,10X565,White,0.02,0.009,0.018,0.192
10X696_Asian,10X696,Asian,0.034,0.224,0.219,
10X696_Black,10X696,Black,0.279,0.075,0.079,
10X696_Hispanic,10X696,Hispanic,0.632,0.214,0.219,
10X696_White,10X696,White,0.032,0.419,0.399,0.556
11X249_Asian,11X249,Asian,0.036,0.056,0.05,
11X249_Black,11X249,Black,0.534,0.514,0.565,0.25
11X249_Hispanic,11X249,Hispanic,0.368,0.361,0.331,
11X249_White,11X249,White,0.034,0.021,0.012,0.5
11X265_Asian,11X265,Asian,0.044,0.05,0.046,
11X265_Black,11X265,Black,0.393,0.393,0.405,0.217
11X265_Hispanic,11X265,Hispanic,0.502,0.519,0.508,
11X265_White,11X265,White,0.034,0.013,0.015,0.565
11X270_Asian,11X270,Asian,0.015,0.009,0.011,
11X270_Black,11X270,Black,0.556,0.727,0.645,0.483
11X270_Hispanic,11X270,Hispanic,0.382,0.207,0.297,0.172
11X270_White,11X270,White,0.014,0.013,0.009,0.241
11X275_Asian,11X275,Asian,0.044,0.038,0.034,
11X275_Black,11X275,Black,0.367,0.424,0.381,0.389
11X275_Hispanic,11X275,Hispanic,0.524,0.452,0.508,0.167
11X275_White,11X275,White,0.038,0.057,0.055,0.306
11X288_Asian,11X288,Asian,0.075,0.16,0.155,
11X288_Black,11X288,Black,0.269,0.253,0.256,0.353
11X288_Hispanic,11X288,Hispanic,0.532,0.376,0.374,0.294
11X288_White,11X288,White,0.099,0.157,0.167,0.235
11X290_Asian,11X290,Asian,0.045,0.031,0.036,
11X290_Black,11X290,Black,0.366,0.46,0.422,0.44
11X290_Hispanic,11X290,Hispanic,0.525,0.442,0.474,0.36
11X290_White,11X290,White,0.038,0.031,0.033,
11X299_Asian,11X299,Asian,0.074,0.127,0.111,
11X299_Black,11X299,Black,0.27,0.296,0.281,0.29
11X299_Hispanic,11X299,Hispanic,0.536,0.414,0.46,
11X299_White,11X299,White,0.094,0.118,0.113,0.516
11X418_Asian,11X418,Asian,0.088,0.046,0.039,0.135
11X418_Black,11X418,Black,0.2,0.217,0.219,0.243
11X418_Hispanic,11X418,Hispanic,0.587,0.599,0.576,0.243
11X418_White,11X418,White,0.104,0.118,0.153,0.297
11X455_Asian,11X455,Asian,0.036,0.048,0.03,
11X455_Black,11X455,Black,0.544,0.485,0.475,0.239
11X455_Hispanic,11X455,Hispanic,0.359,0.414,0.437,0.171
11X455_White,11X455,White,0.034,0.028,0.033,0.513
11X508_Asian,11X508,Asian,0.066,0.045,0.044,
11X508_Black,11X508,Black,0.285,0.333,0.278,0.205
11X508_Hispanic,11X508,Hispanic,0.566,0.56,0.598,0.205
11X508_White,11X508,White,0.06,0.053,0.067,0.487
11X509_Asian,11X509,Asian,0.076,0.038,0.043,
11X509_Black,11X509,Black,0.26,0.094,0.107,
11X509_Hispanic,11X509,Hispanic,0.538,0.756,0.716,0.31
11X509_White,11X509,White,0.101,0.106,0.105,0.414
11X513_Asian,11X513,Asian,0.015,0.017,0.035,
11X513_Black,11X513,Black,0.574,0.171,0.171,0.0
11X513_Hispanic,11X513,Hispanic,0.361,0.729,0.717,0.238
11X513_White,11X513,White,0.018,0.066,0.056,0.571
11X514_Asian,11X514,Asian,0.015,0.017,0.015,
11X514_Black,11X514,Black,0.552,0.594,0.573,0.273
11X514_Hispanic,11X514,Hispanic,0.389,0.339,0.366,0.212
11X514_White,11X514,White,0.013,0.021,0.02,0.424
11X542_Asian,11X542,Asian,0.067,0.093,0.053,
11X542_Black,11X542,Black,0.284,0.357,0.361,
11X542_Hispanic,11X542,Hispanic,0.56,0.457,0.479,0.424
11X542_White,11X542,White,0.066,0.079,0.087,0.455
11X544_Asian,11X544,Asian,0.045,0.012,0.014,
11X544_Black,11X544,Black,0.379,0.448,0.431,0.348
11X544_Hispanic,11X544,Hispanic,0.514,0.468,0.485,0.217
11X544_White,11X544,White,0.035,0.02,0.024,0.348
11X545_Asian,11X545,Asian,0.045,0.019,0.016,
11X545_Black,11X545,Black,0.374,0.449,0.381,0.353
11X545_Hispanic,11X545,Hispanic,0.519,0.462,0.524,0.176
11X545_White,11X545,White,0.036,0.026,0.03,0.382
12X242_Asian,12X242,Asian,0.029,0.012,0.014,
12X242_Black,12X242,Black,0.214,0.139,0.104,0.153
12X242_Hispanic,12X242,Hispanic,0.727,0.83,0.865,0.373
12X242_White,12X242,White,0.011,0.0,0.003,0.356
12X248_Asian,12X248,Asian,0.006,0.0,0.0,
12X248_Black,12X248,Black,0.334,0.37,0.367,0.364
12X248_Hispanic,12X248,Hispanic,0.63,0.59,0.593,0.227
12X248_White,12X248,White,0.013,0.006,0.006,0.273
12X251_Asian,12X251,Asian,0.009,0.0,0.012,
12X251_Black,12X251,Black,0.318,0.26,0.247,0.172
12X251_Hispanic,12X251,Hispanic,0.646,0.71,0.717,0.414
12X251_White,12X251,White,0.011,0.02,0.012,0.31
12X267_Asian,12X267,Asian,0.005,0.005,0.007,
12X267_Black,12X267,Black,0.368,0.168,0.169,0.217
12X267_Hispanic,12X267,Hispanic,0.595,0.804,0.804,0.348
12X267_White,12X267,White,0.013,0.005,0.003,0.304
12X271_Asian,12X271,Asian,0.011,0.02,0.015,0.0
12X271_Black,12X271,Black,0.296,0.235,0.223,0.214
12X271_Hispanic,12X271,Hispanic,0.664,0.651,0.701,0.375
12X271_White,12X271,White,0.012,0.013,0.017,0.375
12X388_Asian,12X388,Asian,0.046,0.0,0.0,
12X388_Black,12X388,Black,0.253,0.0,0.0,
12X388_Hispanic,12X388,Hispanic,0.667,1.0,1.0,0.519
12X388_White,12X388,White,0.015,0.0,0.0,0.333
12X478_Asian,12X478,Asian,0.034,0.005,0.01,
12X478_Black,12X478,Black,0.241,0.211,0.191,0.25
12X478_Hispanic,12X478,Hispanic,0.693,0.75,0.762,0.25
12X478_White,12X478,White,0.013,0.01,0.013,0.321
12X479_Asian,12X479,Asian,0.005,0.043,0.04,0.0
12X479_Black,12X479,Black,0.357,0.348,0.379,0.4
12X479_Hispanic,12X479,Hispanic,0.605,0.58,0.565,
12X479_White,12X479,White,0.013,0.0,0.0,
12X511_Asian,12X511,Asian,0.008,0.016,0.011,
12X511_Black,12X511,Black,0.32,0.352,0.307,0.2
12X511_Hispanic,12X511,Hispanic,0.644,0.617,0.655,0.367
12X511_White,12X511,White,0.012,0.0,0.007,0.367
12X521_Asian,12X521,Asian,0.027,0.024,0.022,
12X521_Black,12X521,Black,0.212,0.237,0.203,0.194
12X521_Hispanic,12X521,Hispanic,0.731,0.695,0.736,0.361
12X521_White,12X521,White,0.011,0.024,0.025,0.389
12X550_Asian,12X550,Asian,0.033,0.027,0.027,
12X550_Black,12X550,Black,0.225,0.1,0.085,
12X550_Hispanic,12X550,Hispanic,0.712,0.855,0.875,0.367
12X550_White,12X550,White,0.012,0.005,0.005,0.4
12X641_Asian,12X641,Asian,0.028,0.118,0.117,
12X641_Black,12X641,Black,0.278,0.343,0.34,
12X641_Hispanic,12X641,Hispanic,0.661,0.457,0.462,0.263
12X641_White,12X641,White,0.016,0.024,0.024,0.263
12X682_Asian,12X682,Asian,0.014,0.018,0.01,0.0
12X682_Black,12X682,Black,0.274,0.224,0.243,0.167
12X682_Hispanic,12X682,Hispanic,0.683,0.726,0.71,0.405
12X682_White,12X682,White,0.011,0.023,0.022,0.429
12X684_Asian,12X684,Asian,0.072,0.007,0.004,
12X684_Black,12X684,Black,0.233,0.417,0.411,0.542
12X684_Hispanic,12X684,Hispanic,0.639,0.535,0.541,0.208
12X684_White,12X684,White,0.034,0.021,0.022,0.208
13K265_Asian,13K265,Asian,0.149,0.015,0.016,0.25
13K265_Black,13K265,Black,0.279,0.716,0.688,0.25
13K265_Hispanic,13K265,Hispanic,0.339,0.269,0.273,
13K265_White,13K265,White,0.169,0.0,0.008,0.3
13K350_Asian,13K350,Asian,0.093,0.0,0.0,
13K350_Black,13K350,Black,0.321,0.534,0.525,
13K350_Hispanic,13K350,Hispanic,0.369,0.412,0.417,
13K350_White,13K350,White,0.161,0.031,0.036,0.333
13K412_Asian,13K412,Asian,0.047,0.01,0.011,0.159
13K412_Black,13K412,Black,0.403,0.658,0.632,0.455
13K412_Hispanic,13K412,Hispanic,0.377,0.296,0.32,
13K412_White,13K412,White,0.121,0.02,0.017,0.295
13K419_Asian,13K419,Asian,0.111,0.08,0.074,0.176
13K419_Black,13K419,Black,0.316,0.612,0.6,0.353
13K419_Hispanic,13K419,Hispanic,0.386,0.213,0.239,
13K419_White,13K419,White,0.137,0.036,0.038,0.294
13K430_Asian,13K430,Asian,0.147,0.58,0.58,0.181
13K430_Black,13K430,Black,0.312,0.05,0.051,0.087
13K430_Hispanic,13K430,Hispanic,0.364,0.072,0.073,0.101
13K430_White,13K430,White,0.134,0.241,0.239,0.564
13K439_Asian,13K439,Asian,0.115,0.179,0.13,
13K439_Black,13K439,Black,0.316,0.186,0.143,0.0
13K439_Hispanic,13K439,Hispanic,0.388,0.572,0.656,
13K439_White,13K439,White,0.132,0.048,0.058,0.654
13K483_Asian,13K483,Asian,0.134,0.045,0.041,0.0
13K483_Black,13K483,Black,0.313,0.579,0.573,0.171
13K483_Hispanic,13K483,Hispanic,0.376,0.307,0.322,0.171
13K483_White,13K483,White,0.129,0.05,0.037,0.571
13K527_Asian,13K527,Asian,0.126,0.161,0.172,
13K527_Black,13K527,Black,0.306,0.49,0.504,0.324
13K527_Hispanic,13K527,Hispanic,0.377,0.142,0.152,
13K527_White,13K527,White,0.14,0.155,0.124,0.471
13K594_Asian,13K594,Asian,0.037,0.017,0.022,
13K594_Black,13K594,Black,0.495,0.695,0.695,0.273
13K594_Hispanic,13K594,Hispanic,0.259,0.226,0.215,
13K594_White,13K594,White,0.148,0.034,0.04,0.409
13K595_Asian,13K595,Asian,0.032,0.082,0.062,0.238
13K595_Black,13K595,Black,0.466,0.617,0.672,0.571
13K595_Hispanic,13K595,Hispanic,0.353,0.189,0.175,
13K595_White,13K595,White,0.099,0.056,0.05,
13K605_Asian,13K605,Asian,0.112,0.034,0.043,
13K605_Black,13K605,Black,0.311,0.583,0.568,0.32
13K605_Hispanic,13K605,Hispanic,0.376,0.319,0.328,0.1
13K605_White,13K605,White,0.147,0.038,0.036,0.4
13K670_Asian,13K670,Asian,0.083,0.015,0.012,
13K670_Black,13K670,Black,0.345,0.754,0.766,0.569
13K670_Hispanic,13K670,Hispanic,0.367,0.163,0.154,0.098
13K670_White,13K670,White,0.149,0.015,0.018,0.294
13K674_Asian,13K674,Asian,0.122,0.083,0.079,
13K674_Black,13K674,Black,0.314,0.616,0.602,0.281
13K674_Hispanic,13K674,Hispanic,0.382,0.242,0.251,
13K674_White,13K674,White,0.132,0.01,0.016,0.469
13K963_Asian,13K963,Asian,0.046,0.059,0.049,
13K963_Black,13K963,Black,0.388,0.376,0.451,0.429
13K963_Hispanic,13K963,Hispanic,0.256,0.259,0.272,
13K963_White,13K963,White,0.23,0.235,0.16,0.5
14K071_Asian,14K071,Asian,0.032,0.0,0.0,
14K071_Black,14K071,Black,0.305,0.276,0.233,0.3
14K071_Hispanic,14K071,Hispanic,0.563,0.709,0.721,0.183
14K071_White,14K071,White,0.063,0.0,0.038,0.417
14K449_Asian,14K449,Asian,0.121,0.474,0.473,0.227
14K449_Black,14K449,Black,0.279,0.1,0.1,
14K449_Hispanic,14K449,Hispanic,0.431,0.106,0.107,0.159
14K449_White,14K449,White,0.124,0.209,0.21,0.568
14K454_Asian,14K454,Asian,0.035,0.023,0.026,
14K454_Black,14K454,Black,0.273,0.231,0.252,0.452
14K454_Hispanic,14K454,Hispanic,0.577,0.663,0.642,
14K454_White,14K454,White,0.078,0.057,0.042,0.387
14K474_Asian,14K474,Asian,0.032,0.008,0.005,
14K474_Black,14K474,Black,0.234,0.196,0.159,0.206
14K474_Hispanic,14K474,Hispanic,0.622,0.758,0.806,0.353
14K474_White,14K474,White,0.08,0.015,0.012,0.353
14K477_Asian,14K477,Asian,0.043,0.014,0.008,0.163
14K477_Black,14K477,Black,0.245,0.131,0.135,0.209
14K477_Hispanic,14K477,Hispanic,0.583,0.746,0.775,0.302
14K477_White,14K477,White,0.094,0.028,0.025,0.302
14K478_Asian,14K478,Asian,0.08,0.041,0.032,0.222
14K478_Black,14K478,Black,0.272,0.166,0.194,0.178
14K478_Hispanic,14K478,Hispanic,0.498,0.753,0.746,0.244
14K478_White,14K478,White,0.11,0.034,0.025,0.244
14K488_Asian,14K488,Asian,0.105,0.019,0.014,
14K488_Black,14K488,Black,0.241,0.43,0.405,0.2
14K488_Hispanic,14K488,Hispanic,0.463,0.513,0.541,0.175
14K488_White,14K488,White,0.142,0.016,0.02,0.5
14K558_Asian,14K558,Asian,0.116,0.042,0.032,0.0
14K558_Black,14K558,Black,0.237,0.245,0.253,0.2
14K558_Hispanic,14K558,Hispanic,0.473,0.616,0.636,0.229
14K558_White,14K558,White,0.128,0.073,0.051,0.571
14K561_Asian,14K561,Asian,0.096,0.049,0.027,0.0
14K561_Black,14K561,Black,0.262,0.15,0.175,0.157
14K561_Hispanic,14K561,Hispanic,0.49,0.676,0.704,0.176
14K561_White,14K561,White,0.11,0.07,0.051,0.667
14K586_Asian,14K586,Asian,0.031,0.0,0.0,0.0
14K586_Black,14K586,Black,0.26,0.341,0.353,0.224
14K586_Hispanic,14K586,Hispanic,0.593,0.577,0.575,0.204
14K586_White,14K586,White,0.083,0.019,0.023,0.449
14K610_Asian,14K610,Asian,0.137,0.016,0.018,
14K610_Black,14K610,Black,0.224,0.414,0.4,0.45
14K610_Hispanic,14K610,Hispanic,0.431,0.524,0.509,0.175
14K610_White,14K610,White,0.159,0.021,0.032,0.3
14K614_Asian,14K614,Asian,0.028,0.076,0.048,
14K614_Black,14K614,Black,0.275,0.494,0.461,
14K614_Hispanic,14K614,Hispanic,0.609,0.329,0.4,0.25
14K614_White,14K614,White,0.056,0.063,0.048,0.625
14K685_Asian,14K685,Asian,0.044,0.0,0.0,0.0
14K685_Black,14K685,Black,0.35,0.19,0.143,
14K685_Hispanic,14K685,Hispanic,0.474,0.774,0.835,0.5
14K685_White,14K685,White,0.088,0.012,0.005,
15K429_Asian,15K429,Asian,0.138,0.051,0.037,
15K429_Black,15K429,Black,0.275,0.44,0.437,0.233
15K429_Hispanic,15K429,Hispanic,0.348,0.423,0.417,0.2
15K429_White,15K429,White,0.177,0.057,0.058,0.467
15K448_Asian,15K448,Asian,0.125,0.038,0.043,
15K448_Black,15K448,Black,0.195,0.306,0.299,0.241
15K448_Hispanic,15K448,Hispanic,0.34,0.476,0.471,0.103
15K448_White,15K448,White,0.265,0.153,0.155,0.569
15K462_Asian,15K462,Asian,0.128,0.083,0.073,
15K462_Black,15K462,Black,0.359,0.447,0.459,0.419
15K462_Hispanic,15K462,Hispanic,0.302,0.382,0.379,
15K462_White,15K462,White,0.156,0.063,0.06,0.323
15K463_Asian,15K463,Asian,0.105,0.095,0.082,
15K463_Black,15K463,Black,0.352,0.214,0.228,0.4
15K463_Hispanic,15K463,Hispanic,0.299,0.571,0.569,0.28
15K463_White,15K463,White,0.182,0.071,0.079,0.28
15K464_Asian,15K464,Asian,0.079,0.076,0.07,
15K464_Black,15K464,Black,0.352,0.308,0.293,0.192
15K464_Hispanic,15K464,Hispanic,0.284,0.494,0.506,0.231
15K464_White,15K464,White,0.216,0.093,0.089,0.462
15K497_Asian,15K497,Asian,0.073,0.069,0.067,
15K497_Black,15K497,Black,0.241,0.254,0.293,0.164
15K497_Hispanic,15K497,Hispanic,0.266,0.28,0.296,0.149
15K497_White,15K497,White,0.328,0.297,0.255,0.627
15K519_Asian,15K519,Asian,0.132,0.02,0.031,
15K519_Black,15K519,Black,0.291,0.367,0.357,0.242
15K519_Hispanic,15K519,Hispanic,0.346,0.507,0.528,0.242
15K519_White,15K519,White,0.171,0.047,0.037,0.394
15K592_Asian,15K592,Asian,0.119,0.243,0.193,0.0
15K592_Black,15K592,Black,0.347,0.284,0.284,
15K592_Hispanic,15K592,Hispanic,0.356,0.149,0.193,
15K592_White,15K592,White,0.13,0.27,0.284,0.615
15K656_Asian,15K656,Asian,0.122,0.052,0.037,
15K656_Black,15K656,Black,0.344,0.429,0.459,0.21
15K656_Hispanic,15K656,Hispanic,0.347,0.281,0.298,0.129
15K656_White,15K656,White,0.135,0.164,0.136,0.565
15K667_Asian,15K667,Asian,0.279,0.191,0.138,0.135
15K667_Black,15K667,Black,0.028,0.053,0.049,0.063
15K667_Hispanic,15K667,Hispanic,0.578,0.694,0.752,0.288
15K667_White,15K667,White,0.088,0.054,0.051,0.414
15K684_Asian,15K684,Asian,0.111,0.271,0.258,0.108
15K684_Black,15K684,Black,0.35,0.183,0.178,0.108
15K684_Hispanic,15K684,Hispanic,0.301,0.183,0.176,
15K684_White,15K684,White,0.176,0.315,0.327,0.692
16K455_Asian,16K455,Asian,0.018,0.022,0.011,
16K455_Black,16K455,Black,0.65,0.777,0.744,0.667
16K455_Hispanic,16K455,Hispanic,0.258,0.18,0.202,
16K455_White,16K455,White,0.034,0.007,0.02,0.167
16K498_Asian,16K498,Asian,0.021,0.061,0.047,
16K498_Black,16K498,Black,0.404,0.579,0.595,0.286
16K498_Hispanic,16K498,Hispanic,0.502,0.294,0.299,0.2
16K498_White,16K498,White,0.041,0.015,0.021,0.371
16K688_Asian,16K688,Asian,0.024,0.029,0.022,
16K688_Black,16K688,Black,0.395,0.429,0.442,0.556
16K688_Hispanic,16K688,Hispanic,0.517,0.44,0.442,
16K688_White,16K688,White,0.03,0.04,0.035,0.278
16K765_Asian,16K765,Asian,0.018,0.009,0.007,
16K765_Black,16K765,Black,0.644,0.881,0.831,0.737
16K765_Hispanic,16K765,Hispanic,0.263,0.083,0.14,
16K765_White,16K765,White,0.033,0.0,0.0,
17K122_Asian,17K122,Asian,0.019,0.037,0.026,
17K122_Black,17K122,Black,0.646,0.828,0.821,0.737
17K122_Hispanic,17K122,Hispanic,0.243,0.116,0.128,
17K122_White,17K122,White,0.046,0.0,0.006,0.211
17K382_Asian,17K382,Asian,0.048,0.021,0.02,
17K382_Black,17K382,Black,0.6,0.726,0.653,0.714
17K382_Hispanic,17K382,Hispanic,0.235,0.2,0.274,
17K382_White,17K382,White,0.07,0.042,0.036,
17K408_Asian,17K408,Asian,0.104,0.061,0.047,
17K408_Black,17K408,Black,0.528,0.598,0.602,0.615
17K408_Hispanic,17K408,Hispanic,0.199,0.263,0.287,
17K408_White,17K408,White,0.118,0.045,0.034,0.231
17K524_Asian,17K524,Asian,0.05,0.012,0.038,
17K524_Black,17K524,Black,0.528,0.2,0.222,0.2
17K524_Hispanic,17K524,Hispanic,0.232,0.412,0.547,
17K524_White,17K524,White,0.133,0.012,0.044,0.4
17K528_Asian,17K528,Asian,0.036,0.066,0.037,
17K528_Black,17K528,Black,0.529,0.73,0.696,0.529
17K528_Hispanic,17K528,Hispanic,0.22,0.164,0.234,
17K528_White,17K528,White,0.152,0.016,0.019,0.353
17K537_Asian,17K537,Asian,0.108,0.037,0.023,
17K537_Black,17K537,Black,0.508,0.631,0.653,
17K537_Hispanic,17K537,Hispanic,0.201,0.262,0.265,
17K537_White,17K537,White,0.131,0.033,0.027,0.652
17K539_Asian,17K539,Asian,0.068,0.073,0.069,0.0
17K539_Black,17K539,Black,0.571,0.61,0.593,0.389
17K539_Hispanic,17K539,Hispanic,0.21,0.244,0.28,
17K539_White,17K539,White,0.102,0.033,0.024,0.444
17K543_Asian,17K543,Asian,0.109,0.031,0.033,
17K543_Black,17K543,Black,0.511,0.777,0.771,0.417
17K543_Hispanic,17K543,Hispanic,0.199,0.133,0.139,
17K543_White,17K543,White,0.13,0.023,0.024,0.444
17K546_Asian,17K546,Asian,0.017,0.038,0.024,
17K546_Black,17K546,Black,0.731,0.78,0.776,0.367
17K546_Hispanic,17K546,Hispanic,0.172,0.126,0.151,
17K546_White,17K546,White,0.035,0.019,0.022,0.467
17K547_Asian,17K547,Asian,0.037,0.055,0.04,
17K547_Black,17K547,Black,0.528,0.724,0.733,0.294
17K547_Hispanic,17K547,Hispanic,0.222,0.138,0.15,
17K547_White,17K547,White,0.15,0.041,0.04,0.412
17K548_Asian,17K548,Asian,0.054,0.0,0.005,0.0
17K548_Black,17K548,Black,0.528,0.723,0.731,0.278
17K548_Hispanic,17K548,Hispanic,0.234,0.214,0.204,
17K548_White,17K548,White,0.129,0.045,0.03,0.5
17K590_Asian,17K590,Asian,0.031,0.015,0.013,0.127
17K590_Black,17K590,Black,0.605,0.895,0.897,0.577
17K590_Hispanic,17K590,Hispanic,0.196,0.06,0.059,
17K590_White,17K590,White,0.111,0.006,0.006,0.225
17K600_Asian,17K600,Asian,0.053,0.011,0.013,0.071
17K600_Black,17K600,Black,0.527,0.819,0.81,0.384
17K600_Hispanic,17K600,Hispanic,0.234,0.093,0.1,0.081
17K600_White,17K600,White,0.13,0.023,0.023,0.434
17K745_Asian,17K745,Asian,0.015,0.019,0.015,
17K745_Black,17K745,Black,0.746,0.791,0.805,0.405
17K745_Hispanic,17K745,Hispanic,0.154,0.14,0.137,
17K745_White,17K745,White,0.036,0.028,0.021,0.381
17K751_Asian,17K751,Asian,0.018,0.014,0.019,
17K751_Black,17K751,Black,0.658,0.611,0.619,0.529
17K751_Hispanic,17K751,Hispanic,0.23,0.25,0.25,
17K751_White,17K751,White,0.047,0.056,0.044,
18K563_Asian,18K563,Asian,0.016,0.008,0.011,
18K563_Black,18K563,Black,0.805,0.788,0.769,0.64
18K563_Hispanic,18K563,Hispanic,0.118,0.129,0.16,
18K563_White,18K563,White,0.022,0.023,0.022,0.2
18K566_Asian,18K566,Asian,0.048,0.023,0.043,
18K566_Black,18K566,Black,0.77,0.729,0.684,0.286
18K566_Hispanic,18K566,Hispanic,0.085,0.132,0.174,0.0
18K566_White,18K566,White,0.054,0.085,0.059,0.381
18K567_Asian,18K567,Asian,0.048,0.0,0.0,
18K567_Black,18K567,Black,0.732,0.833,0.702,0.5
18K567_Hispanic,18K567,Hispanic,0.111,0.137,0.256,
18K567_White,18K567,White,0.067,0.02,0.017,0.375
18K569_Asian,18K569,Asian,0.017,0.035,0.017,
18K569_Black,18K569,Black,0.828,0.647,0.718,0.563
18K569_Hispanic,18K569,Hispanic,0.094,0.165,0.149,
18K569_White,18K569,White,0.023,0.035,0.039,0.375
18K576_Asian,18K576,Asian,0.048,0.04,0.034,
18K576_Black,18K576,Black,0.764,0.748,0.738,0.438
18K576_Hispanic,18K576,Hispanic,0.09,0.119,0.141,
18K576_White,18K576,White,0.053,0.045,0.038,0.375
18K617_Asian,18K617,Asian,0.014,0.007,0.008,0.242
18K617_Black,18K617,Black,0.802,0.785,0.772,0.273
18K617_Hispanic,18K617,Hispanic,0.113,0.096,0.127,0.152
18K617_White,18K617,White,0.032,0.067,0.047,0.273
18K629_Asian,18K629,Asian,0.016,0.0,0.007,
18K629_Black,18K629,Black,0.813,0.808,0.821,0.469
18K629_Hispanic,18K629,Hispanic,0.109,0.162,0.132,
18K629_White,18K629,White,0.021,0.0,0.003,0.313
18K633_Asian,18K633,Asian,0.016,0.007,0.021,
18K633_Black,18K633,Black,0.81,0.831,0.783,0.48
18K633_Hispanic,18K633,Hispanic,0.104,0.081,0.115,0.0
18K633_White,18K633,White,0.032,0.074,0.06,0.4
18K637_Asian,18K637,Asian,0.041,0.09,0.083,
18K637_Black,18K637,Black,0.78,0.697,0.672,0.353
18K637_Hispanic,18K637,Hispanic,0.086,0.119,0.152,
18K637_White,18K637,White,0.052,0.048,0.051,0.382
18K642_Asian,18K642,Asian,0.016,0.0,0.011,
18K642_Black,18K642,Black,0.81,0.905,0.659,0.429
18K642_Hispanic,18K642,Hispanic,0.104,0.048,0.292,
18K642_White,18K642,White,0.032,0.048,0.016,0.429
19K404_Asian,19K404,Asian,0.018,0.045,0.025,
19K404_Black,19K404,Black,0.653,0.634,0.597,0.325
19K404_Hispanic,19K404,Hispanic,0.272,0.223,0.314,0.175
19K404_White,19K404,White,0.02,0.036,0.025,0.325
19K409_Asian,19K409,Asian,0.011,0.007,0.005,0.132
19K409_Black,19K409,Black,0.653,0.658,0.646,0.642
19K409_Hispanic,19K409,Hispanic,0.282,0.324,0.327,
19K409_White,19K409,White,0.017,0.004,0.011,0.132
19K422_Asian,19K422,Asian,0.015,0.015,0.007,
19K422_Black,19K422,Black,0.665,0.733,0.689,0.438
19K422_Hispanic,19K422,Hispanic,0.267,0.178,0.226,
19K422_White,19K422,White,0.019,0.022,0.019,0.313
19K502_Asian,19K502,Asian,0.015,0.007,0.014,
19K502_Black,19K502,Black,0.586,0.553,0.538,0.625
19K502_Hispanic,19K502,Hispanic,0.351,0.355,0.371,
19K502_White,19K502,White,0.016,0.007,0.012,0.25
19K507_Asian,19K507,Asian,0.017,0.0,0.005,
19K507_Black,19K507,Black,0.584,0.575,0.55,0.471
19K507_Hispanic,19K507,Hispanic,0.351,0.353,0.394,0.176
19K507_White,19K507,White,0.016,0.01,0.012,0.265
19K510_Asian,19K510,Asian,0.013,0.011,0.014,
19K510_Black,19K510,Black,0.591,0.443,0.425,0.462
19K510_Hispanic,19K510,Hispanic,0.347,0.489,0.517,
19K510_White,19K510,White,0.017,0.023,0.019,
19K583_Asian,19K583,Asian,0.17,0.0,0.0,
19K583_Black,19K583,Black,0.084,0.0,0.0,
19K583_Hispanic,19K583,Hispanic,0.623,0.924,0.933,0.714
19K583_White,19K583,White,0.085,0.0,0.0,
19K615_Asian,19K615,Asian,0.113,0.113,0.104,0.095
19K615_Black,19K615,Black,0.328,0.476,0.482,0.5
19K615_Hispanic,19K615,Hispanic,0.49,0.275,0.297,0.189
19K615_White,19K615,White,0.029,0.017,0.017,0.189
19K618_Asian,19K618,Asian,0.16,0.117,0.082,0.139
19K618_Black,19K618,Black,0.121,0.252,0.285,0.333
19K618_Hispanic,19K618,Hispanic,0.599,0.595,0.579,0.139
19K618_White,19K618,White,0.081,0.025,0.038,0.278
19K639_Asian,19K639,Asian,0.166,0.09,0.09,
19K639_Black,19K639,Black,0.1,0.213,0.202,0.433
19K639_Hispanic,19K639,Hispanic,0.612,0.663,0.67,0.233
19K639_White,19K639,White,0.084,0.015,0.015,0.267
19K659_Asian,19K659,Asian,0.155,0.055,0.054,0.161
19K659_Black,19K659,Black,0.072,0.121,0.117,
19K659_Hispanic,19K659,Hispanic,0.672,0.794,0.8,0.258
19K659_White,19K659,White,0.061,0.013,0.012,0.419
19K660_Asian,19K660,Asian,0.02,0.011,0.016,0.156
19K660_Black,19K660,Black,0.528,0.581,0.55,0.467
19K660_Hispanic,19K660,Hispanic,0.402,0.307,0.357,0.156
19K660_White,19K660,White,0.016,0.017,0.027,0.178
19K683_Asian,19K683,Asian,0.097,0.181,0.169,
19K683_Black,19K683,Black,0.496,0.343,0.365,0.37
19K683_Hispanic,19K683,Hispanic,0.347,0.384,0.379,
19K683_White,19K683,White,0.017,0.056,0.053,0.296
19K764_Asian,19K764,Asian,0.167,0.1,0.077,
19K764_Black,19K764,Black,0.094,0.249,0.232,0.28
19K764_Hispanic,19K764,Hispanic,0.618,0.568,0.619,
19K764_White,19K764,White,0.084,0.031,0.024,0.44
19K953_Asian,19K953,Asian,0.009,0.024,0.022,
19K953_Black,19K953,Black,0.682,0.643,0.537,0.385
19K953_Hispanic,19K953,Hispanic,0.255,0.286,0.338,
19K953_White,19K953,White,0.018,0.0,0.044,
19K965_Asian,19K965,Asian,0.046,0.111,0.11,
19K965_Black,19K965,Black,0.52,0.465,0.466,
19K965_Hispanic,19K965,Hispanic,0.377,0.222,0.219,0.0
19K965_White,19K965,White,0.022,0.09,0.089,0.455
20K445_Asian,20K445,Asian,0.434,0.505,0.409,0.171
20K445_Black,20K445,Black,0.006,0.016,0.019,0.068
20K445_Hispanic,20K445,Hispanic,0.337,0.278,0.36,0.122
20K445_White,20K445,White,0.204,0.183,0.191,0.605
20K485_Asian,20K485,Asian,0.43,0.229,0.201,0.124
20K485_Black,20K485,Black,0.011,0.034,0.036,0.086
20K485_Hispanic,20K485,Hispanic,0.376,0.526,0.55,0.229
20K485_White,20K485,White,0.159,0.186,0.182,0.524
20K490_Asian,20K490,Asian,0.251,0.379,0.312,0.128
20K490_Black,20K490,Black,0.021,0.016,0.021,0.04
20K490_Hispanic,20K490,Hispanic,0.293,0.242,0.313,0.108
20K490_White,20K490,White,0.391,0.338,0.324,0.68
20K505_Asian,20K505,Asian,0.395,0.48,0.371,0.183
20K505_Black,20K505,Black,0.031,0.049,0.056,0.08
20K505_Hispanic,20K505,Hispanic,0.305,0.294,0.398,0.183
20K505_White,20K505,White,0.245,0.159,0.157,0.487
20K609_Asian,20K609,Asian,0.372,0.489,0.456,
20K609_Black,20K609,Black,0.052,0.066,0.07,
20K609_Hispanic,20K609,Hispanic,0.346,0.211,0.205,0.208
20K609_White,20K609,White,0.193,0.172,0.211,0.583
21K337_Asian,21K337,Asian,0.316,0.127,0.155,0.455
21K337_Black,21K337,Black,0.082,0.04,0.026,
21K337_Hispanic,21K337,Hispanic,0.282,0.468,0.519,
21K337_White,21K337,White,0.295,0.341,0.287,0.409
21K344_Asian,21K344,Asian,0.22,0.132,0.13,
21K344_Black,21K344,Black,0.082,0.062,0.085,
21K344_Hispanic,21K344,Hispanic,0.268,0.177,0.182,
21K344_White,21K344,White,0.397,0.573,0.558,0.651
21K348_Asian,21K348,Asian,0.34,0.217,0.116,0.258
21K348_Black,21K348,Black,0.059,0.101,0.149,0.226
21K348_Hispanic,21K348,Hispanic,0.286,0.239,0.389,
21K348_White,21K348,White,0.287,0.428,0.317,0.355
21K410_Asian,21K410,Asian,0.299,0.175,0.157,0.098
21K410_Black,21K410,Black,0.079,0.36,0.344,0.144
21K410_Hispanic,21K410,Hispanic,0.251,0.301,0.32,0.174
21K410_White,21K410,White,0.344,0.129,0.144,0.53
21K468_Asian,21K468,Asian,0.316,0.088,0.082,
21K468_Black,21K468,Black,0.082,0.19,0.202,
21K468_Hispanic,21K468,Hispanic,0.283,0.424,0.427,
21K468_White,21K468,White,0.293,0.268,0.256,0.745
21K525_Asian,21K525,Asian,0.244,0.24,0.222,0.087
21K525_Black,21K525,Black,0.239,0.174,0.189,0.156
21K525_Hispanic,21K525,Hispanic,0.238,0.21,0.237,0.113
21K525_White,21K525,White,0.244,0.326,0.303,0.584
21K540_Asian,21K540,Asian,0.279,0.372,0.29,0.135
21K540_Black,21K540,Black,0.093,0.147,0.16,0.11
21K540_Hispanic,21K540,Hispanic,0.267,0.212,0.271,0.11
21K540_White,21K540,White,0.334,0.228,0.242,0.626
21K559_Asian,21K559,Asian,0.336,0.112,0.123,
21K559_Black,21K559,Black,0.061,0.066,0.067,0.3
21K559_Hispanic,21K559,Hispanic,0.287,0.474,0.446,
21K559_White,21K559,White,0.289,0.329,0.349,0.3
21K572_Asian,21K572,Asian,0.308,0.178,0.172,
21K572_Black,21K572,Black,0.089,0.089,0.086,0.161
21K572_Hispanic,21K572,Hispanic,0.283,0.436,0.448,
21K572_White,21K572,White,0.295,0.238,0.237,0.516
21K620_Asian,21K620,Asian,0.257,0.073,0.079,0.1
21K620_Black,21K620,Black,0.095,0.312,0.3,0.233
21K620_Hispanic,21K620,Hispanic,0.239,0.302,0.312,0.1
21K620_White,21K620,White,0.38,0.299,0.281,0.467
21K690_Asian,21K690,Asian,0.355,0.165,0.167,0.149
21K690_Black,21K690,Black,0.011,0.016,0.031,
21K690_Hispanic,21K690,Hispanic,0.299,0.368,0.355,0.095
21K690_White,21K690,White,0.314,0.432,0.423,0.703
22K405_Asian,22K405,Asian,0.163,0.488,0.432,0.11
22K405_Black,22K405,Black,0.399,0.162,0.201,0.144
22K405_Hispanic,22K405,Hispanic,0.212,0.116,0.137,0.11
22K405_White,22K405,White,0.184,0.2,0.192,0.623
22K425_Asian,22K425,Asian,0.232,0.234,0.198,0.068
22K425_Black,22K425,Black,0.158,0.094,0.095,0.137
22K425_Hispanic,22K425,Hispanic,0.176,0.121,0.162,0.087
22K425_White,22K425,White,0.403,0.532,0.525,0.676
22K535_Asian,22K535,Asian,0.235,0.249,0.235,0.119
22K535_Black,22K535,Black,0.235,0.206,0.221,0.119
22K535_Hispanic,22K535,Hispanic,0.219,0.13,0.133,0.119
22K535_White,22K535,White,0.279,0.382,0.374,0.644
22K555_Asian,22K555,Asian,0.216,0.071,0.06,
22K555_Black,22K555,Black,0.308,0.73,0.731,0.235
22K555_Hispanic,22K555,Hispanic,0.285,0.116,0.118,0.206
22K555_White,22K555,White,0.148,0.037,0.044,0.471
22K611_Asian,22K611,Asian,0.245,0.218,0.177,
22K611_Black,22K611,Black,0.155,0.188,0.225,0.15
22K611_Hispanic,22K611,Hispanic,0.149,0.13,0.14,0.125
22K611_White,22K611,White,0.417,0.41,0.408,0.55
23K493_Asian,23K493,Asian,0.012,0.0,0.0,
23K493_Black,23K493,Black,0.624,0.691,0.717,0.413
23K493_Hispanic,23K493,Hispanic,0.313,0.209,0.204,0.109
23K493_White,23K493,White,0.017,0.015,0.01,0.304
23K514_Asian,23K514,Asian,0.009,0.008,0.003,
23K514_Black,23K514,Black,0.702,0.76,0.718,0.52
23K514_Hispanic,23K514,Hispanic,0.247,0.225,0.268,
23K514_White,23K514,White,0.013,0.0,0.0,0.28
23K644_Asian,23K644,Asian,0.015,0.006,0.002,
23K644_Black,23K644,Black,0.568,0.763,0.81,0.619
23K644_Hispanic,23K644,Hispanic,0.363,0.113,0.121,
23K644_White,23K644,White,0.022,0.006,0.007,0.19
23K697_Asian,23K697,Asian,0.009,0.0,0.016,0.0
23K697_Black,23K697,Black,0.664,0.562,0.527,0.556
23K697_Hispanic,23K697,Hispanic,0.285,0.397,0.368,
23K697_White,23K697,White,0.011,0.0,0.016,0.333
24Q236_Asian,24Q236,Asian,0.212,0.121,0.125,0.292
24Q236_Black,24Q236,Black,0.023,0.0,0.0,0.0
24Q236_Hispanic,24Q236,Hispanic,0.701,0.758,0.797,
24Q236_White,24Q236,White,0.039,0.061,0.054,0.5
24Q264_Asian,24Q264,Asian,0.196,0.217,0.187,0.192
24Q264_Black,24Q264,Black,0.085,0.049,0.051,
24Q264_Hispanic,24Q264,Hispanic,0.481,0.395,0.484,0.288
24Q264_White,24Q264,White,0.19,0.098,0.104,0.481
24Q267_Asian,24Q267,Asian,0.199,0.165,0.122,0.241
24Q267_Black,24Q267,Black,0.085,0.037,0.051,
24Q267_Hispanic,24Q267,Hispanic,0.464,0.659,0.723,0.241
24Q267_White,24Q267,White,0.202,0.098,0.077,0.448
24Q293_Asian,24Q293,Asian,0.183,0.097,0.085,
24Q293_Black,24Q293,Black,0.027,0.009,0.014,0.162
24Q293_Hispanic,24Q293,Hispanic,0.748,0.846,0.864,0.135
24Q293_White,24Q293,White,0.021,0.028,0.021,0.622
24Q296_Asian,24Q296,Asian,0.182,0.0,0.0,
24Q296_Black,24Q296,Black,0.025,0.003,0.002,
24Q296_Hispanic,24Q296,Hispanic,0.749,0.984,0.99,0.576
24Q296_White,24Q296,White,0.022,0.0,0.0,0.273
24Q299_Asian,24Q299,Asian,0.154,0.289,0.288,0.14
24Q299_Black,24Q299,Black,0.123,0.17,0.15,0.1
24Q299_Hispanic,24Q299,Hispanic,0.544,0.295,0.307,0.12
24Q299_White,24Q299,White,0.139,0.202,0.213,0.6
24Q455_Asian,24Q455,Asian,0.238,0.276,0.207,0.201
24Q455_Black,24Q455,Black,0.029,0.033,0.036,0.09
24Q455_Hispanic,24Q455,Hispanic,0.683,0.601,0.679,0.269
24Q455_White,24Q455,White,0.026,0.054,0.043,0.396
24Q485_Asian,24Q485,Asian,0.048,0.07,0.078,0.159
24Q485_Black,24Q485,Black,0.023,0.035,0.036,
24Q485_Hispanic,24Q485,Hispanic,0.754,0.719,0.731,0.212
24Q485_White,24Q485,White,0.151,0.163,0.144,0.54
24Q520_Asian,24Q520,Asian,0.197,0.103,0.091,
24Q520_Black,24Q520,Black,0.077,0.048,0.046,
24Q520_Hispanic,24Q520,Hispanic,0.507,0.737,0.751,0.222
24Q520_White,24Q520,White,0.175,0.09,0.091,0.556
24Q530_Asian,24Q530,Asian,0.175,0.08,0.086,0.233
24Q530_Black,24Q530,Black,0.086,0.011,0.01,
24Q530_Hispanic,24Q530,Hispanic,0.542,0.843,0.853,
24Q530_White,24Q530,White,0.155,0.047,0.039,0.6
24Q550_Asian,24Q550,Asian,0.155,0.129,0.095,0.1
24Q550_Black,24Q550,Black,0.032,0.06,0.05,
24Q550_Hispanic,24Q550,Hispanic,0.685,0.755,0.788,0.2
24Q550_White,24Q550,White,0.1,0.048,0.052,0.62
24Q560_Asian,24Q560,Asian,0.198,0.114,0.114,
24Q560_Black,24Q560,Black,0.086,0.033,0.038,
24Q560_Hispanic,24Q560,Hispanic,0.465,0.709,0.717,0.14
24Q560_White,24Q560,White,0.201,0.114,0.101,0.651
24Q585_Asian,24Q585,Asian,0.3,0.203,0.185,0.173
24Q585_Black,24Q585,Black,0.025,0.026,0.027,
24Q585_Hispanic,24Q585,Hispanic,0.532,0.561,0.607,0.133
24Q585_White,24Q585,White,0.115,0.194,0.165,0.64
24Q600_Asian,24Q600,Asian,0.203,0.071,0.072,0.11
24Q600_Black,24Q600,Black,0.066,0.022,0.027,0.09
24Q600_Hispanic,24Q600,Hispanic,0.526,0.841,0.839,0.18
24Q600_White,24Q600,White,0.162,0.043,0.036,0.57
24Q610_Asian,24Q610,Asian,0.2,0.314,0.287,0.091
24Q610_Black,24Q610,Black,0.069,0.039,0.041,0.098
24Q610_Hispanic,24Q610,Hispanic,0.522,0.498,0.512,0.326
24Q610_White,24Q610,White,0.167,0.114,0.122,0.432
25Q240_Asian,25Q240,Asian,0.404,0.177,0.136,
25Q240_Black,25Q240,Black,0.022,0.06,0.061,0.111
25Q240_Hispanic,25Q240,Hispanic,0.505,0.655,0.704,0.178
25Q240_White,25Q240,White,0.046,0.046,0.041,0.6
25Q241_Asian,25Q241,Asian,0.554,0.695,0.696,0.5
25Q241_Black,25Q241,Black,0.024,0.027,0.025,0.0
25Q241_Hispanic,25Q241,Hispanic,0.35,0.245,0.246,
25Q241_White,25Q241,White,0.047,0.014,0.011,0.286
25Q252_Asian,25Q252,Asian,0.363,0.364,0.348,0.118
25Q252_Black,25Q252,Black,0.137,0.105,0.128,
25Q252_Hispanic,25Q252,Hispanic,0.339,0.293,0.305,0.098
25Q252_White,25Q252,White,0.122,0.207,0.188,0.725
25Q263_Asian,25Q263,Asian,0.58,0.416,0.317,0.29
25Q263_Black,25Q263,Black,0.038,0.0,0.002,
25Q263_Hispanic,25Q263,Hispanic,0.298,0.548,0.656,0.226
25Q263_White,25Q263,White,0.062,0.015,0.015,0.419
25Q281_Asian,25Q281,Asian,0.738,0.754,0.686,0.288
25Q281_Black,25Q281,Black,0.02,0.035,0.042,
25Q281_Hispanic,25Q281,Hispanic,0.197,0.184,0.222,0.076
25Q281_White,25Q281,White,0.018,0.018,0.042,0.606
25Q285_Asian,25Q285,Asian,0.642,0.137,0.129,
25Q285_Black,25Q285,Black,0.021,0.059,0.067,
25Q285_Hispanic,25Q285,Hispanic,0.236,0.444,0.44,0.109
25Q285_White,25Q285,White,0.081,0.329,0.333,0.717
25Q425_Asian,25Q425,Asian,0.385,0.297,0.245,0.177
25Q425_Black,25Q425,Black,0.055,0.112,0.133,0.071
25Q425_Hispanic,25Q425,Hispanic,0.416,0.452,0.518,0.207
25Q425_White,25Q425,White,0.11,0.053,0.042,0.475
25Q460_Asian,25Q460,Asian,0.458,0.19,0.15,0.153
25Q460_Black,25Q460,Black,0.021,0.064,0.059,0.153
25Q460_Hispanic,25Q460,Hispanic,0.451,0.653,0.72,0.261
25Q460_White,25Q460,White,0.048,0.021,0.02,0.369
25Q525_Asian,25Q525,Asian,0.341,0.584,0.57,0.116
25Q525_Black,25Q525,Black,0.059,0.052,0.052,0.058
25Q525_Hispanic,25Q525,Hispanic,0.486,0.156,0.162,0.209
25Q525_White,25Q525,White,0.079,0.146,0.154,0.593
25Q670_Asian,25Q670,Asian,0.434,0.288,0.248,0.119
25Q670_Black,25Q670,Black,0.097,0.188,0.187,
25Q670_Hispanic,25Q670,Hispanic,0.331,0.38,0.43,0.119
25Q670_White,25Q670,White,0.094,0.111,0.104,0.69
26Q315_Asian,26Q315,Asian,0.44,0.251,0.199,0.135
26Q315_Black,26Q315,Black,0.248,0.436,0.476,0.189
26Q315_Hispanic,26Q315,Hispanic,0.198,0.219,0.244,0.189
26Q315_White,26Q315,White,0.063,0.037,0.032,0.405
26Q415_Asian,26Q415,Asian,0.604,0.504,0.44,0.187
26Q415_Black,26Q415,Black,0.063,0.169,0.196,0.059
26Q415_Hispanic,26Q415,Hispanic,0.194,0.206,0.245,0.123
26Q415_White,26Q415,White,0.097,0.07,0.071,0.61
26Q430_Asian,26Q430,Asian,0.6,0.718,0.641,0.236
26Q430_Black,26Q430,Black,0.072,0.027,0.035,0.066
26Q430_Hispanic,26Q430,Hispanic,0.218,0.139,0.207,0.128
26Q430_White,26Q430,White,0.091,0.098,0.099,0.533
26Q435_Asian,26Q435,Asian,0.492,0.327,0.324,0.167
26Q435_Black,26Q435,Black,0.187,0.364,0.35,0.139
26Q435_Hispanic,26Q435,Hispanic,0.189,0.209,0.227,0.125
26Q435_White,26Q435,White,0.066,0.023,0.027,0.556
26Q495_Asian,26Q495,Asian,0.627,0.478,0.454,0.204
26Q495_Black,26Q495,Black,0.02,0.091,0.093,0.066
26Q495_Hispanic,26Q495,Hispanic,0.235,0.294,0.317,0.105
26Q495_White,26Q495,White,0.095,0.106,0.105,0.608
26Q566_Asian,26Q566,Asian,0.528,0.245,0.213,0.135
26Q566_Black,26Q566,Black,0.16,0.457,0.435,0.122
26Q566_Hispanic,26Q566,Hispanic,0.181,0.202,0.235,0.149
26Q566_White,26Q566,White,0.075,0.038,0.046,0.541
27Q260_Asian,27Q260,Asian,0.016,0.006,0.013,0.0
27Q260_Black,27Q260,Black,0.509,0.49,0.458,0.233
27Q260_Hispanic,27Q260,Hispanic,0.417,0.459,0.467,
27Q260_White,27Q260,White,0.022,0.006,0.025,0.633
27Q262_Asian,27Q262,Asian,0.033,0.055,0.049,0.061
27Q262_Black,27Q262,Black,0.513,0.417,0.418,0.224
27Q262_Hispanic,27Q262,Hispanic,0.302,0.416,0.426,0.071
27Q262_White,27Q262,White,0.118,0.071,0.07,0.602
27Q302_Asian,27Q302,Asian,0.014,0.023,0.02,
27Q302_Black,27Q302,Black,0.506,0.311,0.345,0.265
27Q302_Hispanic,27Q302,Hispanic,0.424,0.638,0.602,0.176
27Q302_White,27Q302,White,0.02,0.013,0.018,0.529
27Q308_Asian,27Q308,Asian,0.264,0.219,0.213,
27Q308_Black,27Q308,Black,0.163,0.086,0.093,
27Q308_Hispanic,27Q308,Hispanic,0.451,0.533,0.52,0.167
27Q308_White,27Q308,White,0.078,0.086,0.09,0.595
27Q309_Asian,27Q309,Asian,0.015,0.025,0.021,
27Q309_Black,27Q309,Black,0.486,0.388,0.365,
27Q309_Hispanic,27Q309,Hispanic,0.445,0.508,0.536,0.167
27Q309_White,27Q309,White,0.02,0.045,0.039,0.625
27Q314_Asian,27Q314,Asian,0.388,0.331,0.303,0.161
27Q314_Black,27Q314,Black,0.186,0.263,0.268,0.194
27Q314_Hispanic,27Q314,Hispanic,0.274,0.296,0.319,0.194
27Q314_White,27Q314,White,0.03,0.018,0.018,0.419
27Q323_Asian,27Q323,Asian,0.028,0.166,0.154,0.065
27Q323_Black,27Q323,Black,0.507,0.188,0.208,0.117
27Q323_Hispanic,27Q323,Hispanic,0.338,0.285,0.281,0.143
27Q323_White,27Q323,White,0.09,0.309,0.3,0.636
27Q324_Asian,27Q324,Asian,0.036,0.03,0.021,0.0
27Q324_Black,27Q324,Black,0.488,0.436,0.472,
27Q324_Hispanic,27Q324,Hispanic,0.296,0.474,0.446,
27Q324_White,27Q324,White,0.141,0.038,0.043,0.727
27Q334_Asian,27Q334,Asian,0.352,0.313,0.294,0.258
27Q334_Black,27Q334,Black,0.093,0.146,0.127,
27Q334_Hispanic,27Q334,Hispanic,0.435,0.445,0.494,0.161
27Q334_White,27Q334,White,0.041,0.032,0.026,0.452
27Q351_Asian,27Q351,Asian,0.036,0.037,0.032,
27Q351_Black,27Q351,Black,0.492,0.512,0.514,0.261
27Q351_Hispanic,27Q351,Hispanic,0.299,0.402,0.39,
27Q351_White,27Q351,White,0.136,0.03,0.032,0.435
27Q400_Asian,27Q400,Asian,0.112,0.142,0.124,0.115
27Q400_Black,27Q400,Black,0.612,0.509,0.508,0.346
27Q400_Hispanic,27Q400,Hispanic,0.192,0.246,0.285,0.135
27Q400_White,27Q400,White,0.014,0.01,0.017,0.346
27Q475_Asian,27Q475,Asian,0.371,0.306,0.286,0.206
27Q475_Black,27Q475,Black,0.076,0.099,0.093,0.16
27Q475_Hispanic,27Q475,Hispanic,0.452,0.531,0.556,0.221
27Q475_White,27Q475,White,0.042,0.027,0.028,0.382
27Q480_Asian,27Q480,Asian,0.337,0.325,0.278,0.171
27Q480_Black,27Q480,Black,0.102,0.226,0.245,0.08
27Q480_Hispanic,27Q480,Hispanic,0.446,0.398,0.414,0.257
27Q480_White,27Q480,White,0.045,0.03,0.032,0.451
27Q650_Asian,27Q650,Asian,0.334,0.368,0.342,0.135
27Q650_Black,27Q650,Black,0.066,0.071,0.084,0.162
27Q650_Hispanic,27Q650,Hispanic,0.492,0.403,0.402,0.176
27Q650_White,27Q650,White,0.047,0.066,0.078,0.5
28Q157_Asian,28Q157,Asian,,,0.143,0.094
28Q157_Black,28Q157,Black,,,0.286,
28Q157_Hispanic,28Q157,Hispanic,,,0.286,0.066
28Q157_White,28Q157,White,,,0.286,0.745
28Q167_Asian,28Q167,Asian,0.243,0.226,0.207,0.138
28Q167_Black,28Q167,Black,0.059,0.083,0.08,0.123
28Q167_Hispanic,28Q167,Hispanic,0.48,0.492,0.515,0.138
28Q167_White,28Q167,White,0.17,0.093,0.099,0.554
28Q284_Asian,28Q284,Asian,0.247,0.252,0.226,
28Q284_Black,28Q284,Black,0.36,0.497,0.514,0.273
28Q284_Hispanic,28Q284,Hispanic,0.306,0.103,0.107,0.182
28Q284_White,28Q284,White,0.018,0.007,0.012,0.424
28Q310_Asian,28Q310,Asian,0.333,0.224,0.251,0.163
28Q310_Black,28Q310,Black,0.187,0.315,0.292,0.265
28Q310_Hispanic,28Q310,Hispanic,0.365,0.28,0.312,0.122
28Q310_White,28Q310,White,0.062,0.042,0.035,0.388
28Q325_Asian,28Q325,Asian,0.336,0.223,0.237,
28Q325_Black,28Q325,Black,0.171,0.336,0.306,
28Q325_Hispanic,28Q325,Hispanic,0.378,0.368,0.38,0.241
28Q325_White,28Q325,White,0.062,0.005,0.015,0.414
28Q328_Asian,28Q328,Asian,0.332,0.289,0.278,
28Q328_Black,28Q328,Black,0.181,0.28,0.262,
28Q328_Hispanic,28Q328,Hispanic,0.372,0.34,0.364,0.25
28Q328_White,28Q328,White,0.062,0.028,0.028,0.429
28Q350_Asian,28Q350,Asian,0.333,0.478,0.427,0.207
28Q350_Black,28Q350,Black,0.184,0.193,0.232,
28Q350_Hispanic,28Q350,Hispanic,0.368,0.216,0.23,
28Q350_White,28Q350,White,0.062,0.017,0.015,0.483
28Q440_Asian,28Q440,Asian,0.22,0.297,0.251,0.169
28Q440_Black,28Q440,Black,0.049,0.067,0.072,0.023
28Q440_Hispanic,28Q440,Hispanic,0.541,0.36,0.406,0.142
28Q440_White,28Q440,White,0.152,0.238,0.235,0.607
28Q505_Asian,28Q505,Asian,0.322,0.32,0.261,0.199
28Q505_Black,28Q505,Black,0.173,0.284,0.24,0.147
28Q505_Hispanic,28Q505,Hispanic,0.4,0.275,0.392,0.173
28Q505_White,28Q505,White,0.047,0.03,0.029,0.462
28Q620_Asian,28Q620,Asian,0.356,0.506,0.456,0.14
28Q620_Black,28Q620,Black,0.209,0.148,0.167,0.124
28Q620_Hispanic,28Q620,Hispanic,0.309,0.233,0.26,0.186
28Q620_White,28Q620,White,0.062,0.03,0.032,0.504
28Q680_Asian,28Q680,Asian,0.365,0.505,0.501,0.136
28Q680_Black,28Q680,Black,0.149,0.193,0.193,0.25
28Q680_Hispanic,28Q680,Hispanic,0.358,0.181,0.186,
28Q680_White,28Q680,White,0.074,0.025,0.024,0.5
28Q686_Asian,28Q686,Asian,0.177,0.109,0.101,0.098
28Q686_Black,28Q686,Black,0.027,0.029,0.035,
28Q686_Hispanic,28Q686,Hispanic,0.474,0.466,0.489,0.115
28Q686_White,28Q686,White,0.271,0.366,0.346,0.656
28Q687_Asian,28Q687,Asian,0.297,0.775,0.775,0.231
28Q687_Black,28Q687,Black,0.268,0.047,0.047,
28Q687_Hispanic,28Q687,Hispanic,0.309,0.087,0.087,
28Q687_White,28Q687,White,0.063,0.045,0.045,0.462
28Q690_Asian,28Q690,Asian,0.121,0.163,0.134,0.122
28Q690_Black,28Q690,Black,0.59,0.516,0.476,0.366
28Q690_Hispanic,28Q690,Hispanic,0.202,0.25,0.315,
28Q690_White,28Q690,White,0.015,0.022,0.013,0.317
28Q896_Asian,28Q896,Asian,0.324,0.455,0.449,0.158
28Q896_Black,28Q896,Black,0.19,0.326,0.3,0.263
28Q896_Hispanic,28Q896,Hispanic,0.368,0.135,0.155,0.158
28Q896_White,28Q896,White,0.051,0.022,0.025,0.421
29Q243_Asian,29Q243,Asian,0.143,0.068,0.071,
29Q243_Black,29Q243,Black,0.615,0.69,0.712,0.378
29Q243_Hispanic,29Q243,Hispanic,0.162,0.127,0.119,0.135
29Q243_White,29Q243,White,0.015,0.006,0.006,0.432
29Q248_Asian,29Q248,Asian,0.032,0.04,0.052,
29Q248_Black,29Q248,Black,0.776,0.848,0.733,0.348
29Q248_Hispanic,29Q248,Hispanic,0.133,0.073,0.172,
29Q248_White,29Q248,White,0.015,0.02,0.009,0.304
29Q259_Asian,29Q259,Asian,0.159,0.06,0.063,0.083
29Q259_Black,29Q259,Black,0.591,0.738,0.731,0.517
29Q259_Hispanic,29Q259,Hispanic,0.168,0.137,0.141,
29Q259_White,29Q259,White,0.012,0.004,0.004,0.317
29Q265_Asian,29Q265,Asian,0.033,0.038,0.038,
29Q265_Black,29Q265,Black,0.778,0.791,0.747,0.412
29Q265_Hispanic,29Q265,Hispanic,0.132,0.125,0.167,
29Q265_White,29Q265,White,0.014,0.013,0.008,0.294
29Q272_Asian,29Q272,Asian,0.038,0.086,0.064,
29Q272_Black,29Q272,Black,0.768,0.655,0.614,0.5
29Q272_Hispanic,29Q272,Hispanic,0.136,0.2,0.264,
29Q272_White,29Q272,White,0.013,0.012,0.012,0.233
29Q283_Asian,29Q283,Asian,0.033,0.034,0.034,
29Q283_Black,29Q283,Black,0.784,0.821,0.725,0.405
29Q283_Hispanic,29Q283,Hispanic,0.128,0.117,0.203,0.135
29Q283_White,29Q283,White,0.014,0.007,0.009,0.351
29Q313_Asian,29Q313,Asian,0.135,0.159,0.102,0.167
29Q313_Black,29Q313,Black,0.63,0.619,0.652,0.267
29Q313_Hispanic,29Q313,Hispanic,0.155,0.133,0.184,
29Q313_White,29Q313,White,0.015,0.018,0.011,0.4
29Q326_Asian,29Q326,Asian,0.287,0.1,0.098,
29Q326_Black,29Q326,Black,0.36,0.672,0.646,0.276
29Q326_Hispanic,29Q326,Hispanic,0.257,0.191,0.205,
29Q326_White,29Q326,White,0.026,0.0,0.008,0.483
29Q327_Asian,29Q327,Asian,0.128,0.026,0.021,
29Q327_Black,29Q327,Black,0.57,0.826,0.813,0.674
29Q327_Hispanic,29Q327,Hispanic,0.222,0.068,0.089,0.109
29Q327_White,29Q327,White,0.016,0.009,0.006,0.13
29Q492_Asian,29Q492,Asian,0.146,0.097,0.082,0.167
29Q492_Black,29Q492,Black,0.61,0.737,0.734,0.5
29Q492_Hispanic,29Q492,Hispanic,0.164,0.124,0.133,
29Q492_White,29Q492,White,0.015,0.003,0.008,0.267
29Q498_Asian,29Q498,Asian,0.147,0.071,0.058,
29Q498_Black,29Q498,Black,0.608,0.663,0.665,0.293
29Q498_Hispanic,29Q498,Hispanic,0.166,0.181,0.203,0.195
29Q498_White,29Q498,White,0.015,0.007,0.008,0.366
30Q258_Asian,30Q258,Asian,0.2,0.184,0.161,0.22
30Q258_Black,30Q258,Black,0.095,0.081,0.065,
30Q258_Hispanic,30Q258,Hispanic,0.464,0.585,0.629,0.195
30Q258_White,30Q258,White,0.192,0.103,0.114,0.512
30Q286_Asian,30Q286,Asian,0.135,0.307,0.251,
30Q286_Black,30Q286,Black,0.147,0.056,0.082,
30Q286_Hispanic,30Q286,Hispanic,0.415,0.391,0.426,0.154
30Q286_White,30Q286,White,0.247,0.218,0.208,0.513
30Q301_Asian,30Q301,Asian,0.151,0.069,0.06,0.106
30Q301_Black,30Q301,Black,0.165,0.117,0.144,
30Q301_Hispanic,30Q301,Hispanic,0.474,0.616,0.631,0.234
30Q301_White,30Q301,White,0.161,0.163,0.13,0.553
30Q367_Asian,30Q367,Asian,0.262,,0.11,
30Q367_Black,30Q367,Black,0.051,,0.126,
30Q367_Hispanic,30Q367,Hispanic,0.515,,0.621,
30Q367_White,30Q367,White,0.131,,0.093,0.6
30Q417_Asian,30Q417,Asian,0.204,0.133,0.129,0.278
30Q417_Black,30Q417,Black,0.083,0.09,0.089,
30Q417_Hispanic,30Q417,Hispanic,0.429,0.605,0.62,
30Q417_White,30Q417,White,0.226,0.121,0.114,0.389
30Q445_Asian,30Q445,Asian,0.272,0.241,0.178,0.14
30Q445_Black,30Q445,Black,0.033,0.042,0.056,0.127
30Q445_Hispanic,30Q445,Hispanic,0.486,0.59,0.646,0.242
30Q445_White,30Q445,White,0.163,0.103,0.097,0.465
30Q450_Asian,30Q450,Asian,0.164,0.084,0.074,0.126
30Q450_Black,30Q450,Black,0.141,0.1,0.111,0.053
30Q450_Hispanic,30Q450,Hispanic,0.454,0.71,0.719,0.225
30Q450_White,30Q450,White,0.189,0.08,0.074,0.55
30Q501_Asian,30Q501,Asian,0.123,0.106,0.099,
30Q501_Black,30Q501,Black,0.168,0.078,0.092,0.119
30Q501_Hispanic,30Q501,Hispanic,0.555,0.266,0.287,0.22
30Q501_White,30Q501,White,0.118,0.37,0.339,0.593
30Q502_Asian,30Q502,Asian,0.173,0.206,0.195,0.259
30Q502_Black,30Q502,Black,0.113,0.069,0.067,0.19
30Q502_Hispanic,30Q502,Hispanic,0.458,0.62,0.635,0.172
30Q502_White,30Q502,White,0.204,0.072,0.074,0.362
30Q555_Asian,30Q555,Asian,0.175,0.066,0.052,0.157
30Q555_Black,30Q555,Black,0.103,0.016,0.017,0.069
30Q555_Hispanic,30Q555,Hispanic,0.505,0.852,0.878,0.451
30Q555_White,30Q555,White,0.171,0.057,0.047,0.314
30Q575_Asian,30Q575,Asian,0.207,0.234,0.218,0.167
30Q575_Black,30Q575,Black,0.088,0.031,0.033,
30Q575_Hispanic,30Q575,Hispanic,0.42,0.314,0.35,0.153
30Q575_White,30Q575,White,0.229,0.387,0.365,0.556
30Q580_Asian,30Q580,Asian,0.225,0.394,0.393,0.25
30Q580_Black,30Q580,Black,0.071,0.039,0.038,
30Q580_Hispanic,30Q580,Hispanic,0.44,0.207,0.215,0.139
30Q580_White,30Q580,White,0.21,0.288,0.285,0.472
31R028_Asian,31R028,Asian,0.089,0.022,0.01,
31R028_Black,31R028,Black,0.415,0.522,0.515,0.2
31R028_Hispanic,31R028,Hispanic,0.428,0.348,0.371,
31R028_White,31R028,White,0.043,0.065,0.052,0.575
31R047_Asian,31R047,Asian,0.277,0.384,0.37,
31R047_Black,31R047,Black,0.029,0.045,0.058,
31R047_Hispanic,31R047,Hispanic,0.223,0.194,0.236,
31R047_White,31R047,White,0.439,0.358,0.324,0.778
31R064_Asian,31R064,Asian,0.278,0.17,0.147,0.0
31R064_Black,31R064,Black,0.027,0.038,0.043,0.0
31R064_Hispanic,31R064,Hispanic,0.214,0.274,0.279,0.139
31R064_White,31R064,White,0.45,0.435,0.456,0.833
31R080_Asian,31R080,Asian,0.201,0.192,0.12,
31R080_Black,31R080,Black,0.172,0.17,0.21,
31R080_Hispanic,31R080,Hispanic,0.355,0.286,0.357,0.103
31R080_White,31R080,White,0.242,0.319,0.282,0.81
31R440_Asian,31R440,Asian,0.265,0.224,0.193,0.042
31R440_Black,31R440,Black,0.035,0.066,0.08,
31R440_Hispanic,31R440,Hispanic,0.237,0.254,0.3,0.065
31R440_White,31R440,White,0.439,0.434,0.402,0.814
31R445_Asian,31R445,Asian,0.064,0.071,0.069,
31R445_Black,31R445,Black,0.213,0.234,0.228,0.088
31R445_Hispanic,31R445,Hispanic,0.596,0.529,0.538,0.142
31R445_White,31R445,White,0.1,0.138,0.132,0.716
31R450_Asian,31R450,Asian,0.066,0.111,0.072,0.037
31R450_Black,31R450,Black,0.316,0.283,0.304,0.105
31R450_Hispanic,31R450,Hispanic,0.482,0.418,0.49,0.154
31R450_White,31R450,White,0.098,0.149,0.1,0.654
31R455_Asian,31R455,Asian,0.177,0.185,0.16,0.021
31R455_Black,31R455,Black,0.014,0.016,0.021,
31R455_Hispanic,31R455,Hispanic,0.145,0.166,0.182,0.097
31R455_White,31R455,White,0.637,0.606,0.607,0.831
31R460_Asian,31R460,Asian,0.287,0.311,0.226,0.034
31R460_Black,31R460,Black,0.04,0.066,0.085,
31R460_Hispanic,31R460,Hispanic,0.237,0.267,0.341,0.136
31R460_White,31R460,White,0.406,0.337,0.32,0.756
31R600_Asian,31R600,Asian,0.079,0.03,0.016,
31R600_Black,31R600,Black,0.321,0.165,0.224,
31R600_Hispanic,31R600,Hispanic,0.467,0.579,0.59,0.097
31R600_White,31R600,White,0.097,0.165,0.115,0.806
31R605_Asian,31R605,Asian,0.221,0.666,0.666,
31R605_Black,31R605,Black,0.096,0.009,0.009,
31R605_Hispanic,31R605,Hispanic,0.299,0.044,0.044,
31R605_White,31R605,White,0.354,0.265,0.266,0.899
32K168_Asian,32K168,Asian,0.028,0.114,0.077,0.172
32K168_Black,32K168,Black,0.172,0.314,0.276,0.276
32K168_Hispanic,32K168,Hispanic,0.699,0.497,0.599,0.276
32K168_White,32K168,White,0.075,0.063,0.036,0.241
32K403_Asian,32K403,Asian,0.028,0.009,0.004,0.192
32K403_Black,32K403,Black,0.097,0.132,0.144,
32K403_Hispanic,32K403,Hispanic,0.801,0.684,0.758,0.231
32K403_White,32K403,White,0.052,0.026,0.014,0.385
32K545_Asian,32K545,Asian,0.018,0.004,0.005,
32K545_Black,32K545,Black,0.316,0.107,0.116,0.162
32K545_Hispanic,32K545,Hispanic,0.611,0.857,0.855,0.459
32K545_White,32K545,White,0.027,0.0,0.002,0.27
32K549_Asian,32K549,Asian,0.027,0.007,0.007,
32K549_Black,32K549,Black,0.094,0.105,0.097,0.318
32K549_Hispanic,32K549,Hispanic,0.808,0.832,0.862,
32K549_White,32K549,White,0.049,0.035,0.019,0.455
32K552_Asian,32K552,Asian,0.029,0.018,0.026,
32K552_Black,32K552,Black,0.148,0.202,0.189,0.25
32K552_Hispanic,32K552,Hispanic,0.726,0.715,0.723,0.222
32K552_White,32K552,White,0.071,0.04,0.038,0.417
32K554_Asian,32K554,Asian,0.027,0.054,0.046,
32K554_Black,32K554,Black,0.084,0.108,0.118,0.192
32K554_Hispanic,32K554,Hispanic,0.819,0.627,0.643,0.346
32K554_White,32K554,White,0.048,0.147,0.13,0.308
32K556_Asian,32K556,Asian,0.025,0.03,0.019,
32K556_Black,32K556,Black,0.294,0.121,0.131,0.167
32K556_Hispanic,32K556,Hispanic,0.622,0.813,0.805,0.194
32K556_White,32K556,White,0.03,0.025,0.031,0.583
84K037_Asian,84K037,Asian,0.059,,0.007,
84K037_Black,84K037,Black,0.331,,0.527,0.405
84K037_Hispanic,84K037,Hispanic,0.472,,0.44,0.262
84K037_White,84K037,White,0.093,,0.014,0.278
84K356_Asian,84K356,Asian,0.016,0.007,0.006,0.056
84K356_Black,84K356,Black,0.724,0.854,0.849,0.648
84K356_Hispanic,84K356,Hispanic,0.185,0.122,0.126,0.113
84K356_White,84K356,White,0.032,0.003,0.003,0.113
84K358_Asian,84K358,Asian,0.048,,0.009,0.043
84K358_Black,84K358,Black,0.555,,0.223,0.386
84K358_Hispanic,84K358,Hispanic,0.334,,0.755,0.214
84K358_White,84K358,White,0.027,,0.009,0.207
84K367_Asian,84K367,Asian,0.066,,0.027,
84K367_Black,84K367,Black,0.383,,0.708,
84K367_Hispanic,84K367,Hispanic,0.386,,0.205,
84K367_White,84K367,White,0.118,,0.027,
84K406_Asian,84K406,Asian,0.017,,0.0,
84K406_Black,84K406,Black,0.542,,0.788,0.698
84K406_Hispanic,84K406,Hispanic,0.372,,0.176,0.175
84K406_White,84K406,White,0.03,,0.012,0.095
84K473_Asian,84K473,Asian,0.031,,0.003,
84K473_Black,84K473,Black,0.29,,0.366,0.146
84K473_Hispanic,84K473,Hispanic,0.563,,0.603,0.178
84K473_White,84K473,White,0.081,,0.015,0.157
84K517_Asian,84K517,Asian,0.023,,0.006,0.069
84K517_Black,84K517,Black,0.56,,0.752,0.6
84K517_Hispanic,84K517,Hispanic,0.301,,0.204,0.069
84K517_White,84K517,White,0.067,,0.01,0.208
84K593_Asian,84K593,Asian,,,0.167,0.0
84K593_Black,84K593,Black,,,0.833,0.75
84K593_Hispanic,84K593,Hispanic,,,0.0,0.1
84K593_White,84K593,White,,,0.0,0.083
84K608_Asian,84K608,Asian,0.011,,0.006,0.062
84K608_Black,84K608,Black,0.747,,0.753,0.485
84K608_Hispanic,84K608,Hispanic,0.189,,0.222,0.062
84K608_White,84K608,White,0.018,,0.006,0.292
84K626_Asian,84K626,Asian,0.013,,0.034,0.0
84K626_Black,84K626,Black,0.613,,0.655,0.577
84K626_Hispanic,84K626,Hispanic,0.321,,0.276,0.099
84K626_White,84K626,White,0.021,,0.0,0.225
84K652_Asian,84K652,Asian,0.009,,0.015,
84K652_Black,84K652,Black,0.752,,0.812,0.617
84K652_Hispanic,84K652,Hispanic,0.191,,0.142,
84K652_White,84K652,White,0.016,,0.011,0.168
84K680_Asian,84K680,Asian,0.082,0.012,0.011,
84K680_Black,84K680,Black,0.445,0.658,0.642,0.608
84K680_Hispanic,84K680,Hispanic,0.411,0.3,0.318,0.093
84K680_White,84K680,White,0.024,0.006,0.005,0.103
84K693_Asian,84K693,Asian,0.051,,0.025,
84K693_Black,84K693,Black,0.228,,0.212,0.169
84K693_Hispanic,84K693,Hispanic,0.567,,0.727,0.442
84K693_White,84K693,White,0.12,,0.023,0.13
84K712_Asian,84K712,Asian,0.022,,0.016,0.066
84K712_Black,84K712,Black,0.432,,0.77,0.547
84K712_Hispanic,84K712,Hispanic,0.467,,0.167,0.075
84K712_White,84K712,White,0.045,,0.006,0.208
84K730_Asian,84K730,Asian,0.16,,0.011,
84K730_Black,84K730,Black,0.158,,0.289,0.508
84K730_Hispanic,84K730,Hispanic,0.371,,0.668,0.203
84K730_White,84K730,White,0.242,,0.016,0.254
84K733_Asian,84K733,Asian,0.025,0.039,0.023,0.078
84K733_Black,84K733,Black,0.11,0.055,0.033,0.204
84K733_Hispanic,84K733,Hispanic,0.824,0.898,0.916,0.35
84K733_White,84K733,White,0.025,0.008,0.01,0.33
84K738_Asian,84K738,Asian,0.224,0.057,0.053,0.0
84K738_Black,84K738,Black,0.244,0.764,0.71,
84K738_Hispanic,84K738,Hispanic,0.214,0.089,0.138,
84K738_White,84K738,White,0.284,0.057,0.06,
84K744_Asian,84K744,Asian,0.257,0.071,0.064,0.081
84K744_Black,84K744,Black,0.106,0.403,0.419,0.471
84K744_Hispanic,84K744,Hispanic,0.257,0.336,0.35,0.139
84K744_White,84K744,White,0.35,0.18,0.159,0.277
84K757_Asian,84K757,Asian,0.023,0.004,0.008,0.0
84K757_Black,84K757,Black,0.479,0.701,0.683,0.0
84K757_Hispanic,84K757,Hispanic,0.405,0.269,0.283,0.0
84K757_White,84K757,White,0.052,0.004,0.008,0.0
84K775_Asian,84K775,Asian,0.027,,0.004,0.055
84K775_Black,84K775,Black,0.55,,0.911,0.5
84K775_Hispanic,84K775,Hispanic,0.364,,0.057,0.172
84K775_White,84K775,White,0.024,,0.005,0.18
84K782_Asian,84K782,Asian,0.015,,0.0,0.0
84K782_Black,84K782,Black,0.451,,0.39,0.418
84K782_Hispanic,84K782,Hispanic,0.481,,0.61,0.127
84K782_White,84K782,White,0.024,,0.0,0.127
84K803_Asian,84K803,Asian,0.12,0.002,0.003,
84K803_Black,84K803,Black,0.303,0.787,0.77,0.706
84K803_Hispanic,84K803,Hispanic,0.397,0.181,0.191,0.147
84K803_White,84K803,White,0.132,0.009,0.01,0.118
84K892_Asian,84K892,Asian,0.025,,0.009,
84K892_Black,84K892,Black,0.426,,0.798,0.444
84K892_Hispanic,84K892,Hispanic,0.442,,0.174,
84K892_White,84K892,White,0.068,,0.005,0.417
84K928_Asian,84K928,Asian,0.232,0.028,0.032,0.089
84K928_Black,84K928,Black,0.247,0.181,0.192,0.321
84K928_Hispanic,84K928,Hispanic,0.319,0.286,0.309,0.1
84K928_White,84K928,White,0.158,0.425,0.387,0.368
84M202_Asian,84M202,Asian,0.137,,0.026,
84M202_Black,84M202,Black,0.199,,0.311,0.5
84M202_Hispanic,84M202,Hispanic,0.373,,0.597,0.188
84M202_White,84M202,White,0.225,,0.036,0.266
84M204_Asian,84M204,Asian,0.023,0.0,0.0,
84M204_Black,84M204,Black,0.36,0.727,0.725,0.767
84M204_Hispanic,84M204,Hispanic,0.541,0.236,0.239,
84M204_White,84M204,White,0.044,0.009,0.014,
84M279_Asian,84M279,Asian,0.04,,0.0,0.0
84M279_Black,84M279,Black,0.281,,0.548,0.411
84M279_Hispanic,84M279,Hispanic,0.537,,0.422,0.143
84M279_White,84M279,White,0.104,,0.009,0.429
84M284_Asian,84M284,Asian,0.022,0.0,0.0,0.037
84M284_Black,84M284,Black,0.471,0.837,0.801,0.402
84M284_Hispanic,84M284,Hispanic,0.402,0.135,0.172,0.217
84M284_White,84M284,White,0.061,0.007,0.012,0.28
84M295_Asian,84M295,Asian,0.018,,0.0,0.087
84M295_Black,84M295,Black,0.043,,0.009,0.126
84M295_Hispanic,84M295,Hispanic,0.827,,0.973,0.551
84M295_White,84M295,White,0.085,,0.009,0.236
84M341_Asian,84M341,Asian,0.027,,0.0,0.06
84M341_Black,84M341,Black,0.422,,0.812,0.432
84M341_Hispanic,84M341,Hispanic,0.47,,0.141,0.18
84M341_White,84M341,White,0.042,,0.0,0.257
84M350_Asian,84M350,Asian,0.016,0.011,0.009,0.086
84M350_Black,84M350,Black,0.377,0.574,0.596,0.386
84M350_Hispanic,84M350,Hispanic,0.536,0.316,0.31,0.143
84M350_White,84M350,White,0.038,0.011,0.009,0.2
84M351_Asian,84M351,Asian,0.049,,0.049,
84M351_Black,84M351,Black,0.248,,0.578,
84M351_Hispanic,84M351,Hispanic,0.591,,0.287,
84M351_White,84M351,White,0.08,,0.064,
84M353_Asian,84M353,Asian,0.013,,0.005,
84M353_Black,84M353,Black,0.32,,0.102,0.365
84M353_Hispanic,84M353,Hispanic,0.599,,0.871,0.317
84M353_White,84M353,White,0.04,,0.014,0.238
84M389_Asian,84M389,Asian,0.029,,0.008,0.061
84M389_Black,84M389,Black,0.298,,0.425,0.296
84M389_Hispanic,84M389,Hispanic,0.548,,0.551,0.259
84M389_White,84M389,White,0.088,,0.008,0.3
84M433_Asian,84M433,Asian,0.066,0.0,0.005,0.0
84M433_Black,84M433,Black,0.266,0.42,0.444,0.0
84M433_Hispanic,84M433,Hispanic,0.444,0.556,0.531,0.271
84M433_White,84M433,White,0.172,0.012,0.007,0.0
84M478_Asian,84M478,Asian,0.011,0.0,0.004,0.043
84M478_Black,84M478,Black,0.089,0.063,0.055,0.178
84M478_Hispanic,84M478,Hispanic,0.85,0.896,0.928,0.564
84M478_White,84M478,White,0.035,0.042,0.008,0.202
84M481_Asian,84M481,Asian,0.019,0.0,0.0,0.05
84M481_Black,84M481,Black,0.422,0.693,0.678,0.367
84M481_Hispanic,84M481,Hispanic,0.47,0.275,0.282,0.175
84M481_White,84M481,White,0.05,0.005,0.008,0.242
84M518_Asian,84M518,Asian,0.06,0.018,0.01,
84M518_Black,84M518,Black,0.292,0.337,0.286,0.452
84M518_Hispanic,84M518,Hispanic,0.561,0.632,0.675,0.331
84M518_White,84M518,White,0.053,0.006,0.01,0.129
84M522_Asian,84M522,Asian,0.151,,0.008,0.0
84M522_Black,84M522,Black,0.259,,0.527,0.0
84M522_Hispanic,84M522,Hispanic,0.406,,0.412,0.269
84M522_White,84M522,White,0.139,,0.011,0.0
84M708_Asian,84M708,Asian,0.029,0.004,0.005,
84M708_Black,84M708,Black,0.346,0.609,0.632,0.432
84M708_Hispanic,84M708,Hispanic,0.518,0.369,0.326,0.125
84M708_White,84M708,White,0.071,0.004,0.012,0.193
84M709_Asian,84M709,Asian,0.014,,0.0,
84M709_Black,84M709,Black,0.357,,0.717,0.409
84M709_Hispanic,84M709,Hispanic,0.561,,0.263,0.136
84M709_White,84M709,White,0.036,,0.005,0.394
84Q320_Asian,84Q320,Asian,0.128,,0.028,0.15
84Q320_Black,84Q320,Black,0.579,,0.814,0.55
84Q320_Hispanic,84Q320,Hispanic,0.201,,0.114,0.1
84Q320_White,84Q320,White,0.016,,0.003,0.183
84Q340_Asian,84Q340,Asian,0.016,,0.007,0.0
84Q340_Black,84Q340,Black,0.509,,0.745,
84Q340_Hispanic,84Q340,Hispanic,0.418,,0.209,0.135
84Q340_White,84Q340,White,0.023,,0.01,0.0
84Q373_Asian,84Q373,Asian,0.033,,0.016,
84Q373_Black,84Q373,Black,0.513,,0.631,0.425
84Q373_Hispanic,84Q373,Hispanic,0.302,,0.289,0.125
84Q373_White,84Q373,White,0.118,,0.016,0.35
84Q380_Asian,84Q380,Asian,0.218,0.029,0.03,0.067
84Q380_Black,84Q380,Black,0.02,0.124,0.119,0.236
84Q380_Hispanic,84Q380,Hispanic,0.653,0.781,0.787,0.202
84Q380_White,84Q380,White,0.082,0.038,0.045,0.292
84Q414_Asian,84Q414,Asian,0.277,,0.092,0.203
84Q414_Black,84Q414,Black,0.018,,0.069,0.261
84Q414_Hispanic,84Q414,Hispanic,0.635,,0.78,0.174
84Q414_White,84Q414,White,0.042,,0.023,0.319
84Q705_Asian,84Q705,Asian,0.281,,0.164,0.206
84Q705_Black,84Q705,Black,0.008,,0.004,0.118
84Q705_Hispanic,84Q705,Hispanic,0.628,,0.781,0.235
84Q705_White,84Q705,White,0.052,,0.041,0.441
84R067_Asian,84R067,Asian,0.205,,0.012,
84R067_Black,84R067,Black,0.161,,0.497,
84R067_Hispanic,84R067,Hispanic,0.357,,0.4,
84R067_White,84R067,White,0.241,,0.055,
84R070_Asian,84R070,Asian,0.196,0.0,0.01,
84R070_Black,84R070,Black,0.142,0.313,0.38,
84R070_Hispanic,84R070,Hispanic,0.384,0.478,0.453,
84R070_White,84R070,White,0.245,0.179,0.135,
84R083_Asian,84R083,Asian,0.209,,0.017,
84R083_Black,84R083,Black,0.104,,0.241,
84R083_Hispanic,84R083,Hispanic,0.321,,0.517,
84R083_White,84R083,White,0.335,,0.103,
84X185_Asian,84X185,Asian,0.005,,0.017,
84X185_Black,84X185,Black,0.308,,0.299,0.465
84X185_Hispanic,84X185,Hispanic,0.656,,0.675,0.163
84X185_White,84X185,White,0.015,,0.0,0.291
84X202_Asian,84X202,Asian,0.008,,0.012,
84X202_Black,84X202,Black,0.299,,0.467,0.187
84X202_Hispanic,84X202,Hispanic,0.663,,0.494,0.4
84X202_White,84X202,White,0.012,,0.012,0.36
84X208_Asian,84X208,Asian,0.008,,0.004,
84X208_Black,84X208,Black,0.304,,0.363,0.317
84X208_Hispanic,84X208,Hispanic,0.657,,0.613,0.333
84X208_White,84X208,White,0.012,,0.008,0.302
84X309_Asian,84X309,Asian,0.021,0.0,0.01,
84X309_Black,84X309,Black,0.352,0.063,0.125,0.353
84X309_Hispanic,84X309,Hispanic,0.558,0.938,0.854,0.529
84X309_White,84X309,White,0.04,0.0,0.01,
84X345_Asian,84X345,Asian,0.006,0.0,0.0,0.08
84X345_Black,84X345,Black,0.28,0.245,0.233,0.336
84X345_Hispanic,84X345,Hispanic,0.686,0.748,0.757,0.416
84X345_White,84X345,White,0.014,0.006,0.01,0.153
84X347_Asian,84X347,Asian,0.03,,0.013,
84X347_Black,84X347,Black,0.129,,0.157,0.41
84X347_Hispanic,84X347,Hispanic,0.778,,0.787,0.308
84X347_White,84X347,White,0.041,,0.013,0.179
84X380_Asian,84X380,Asian,0.008,,0.009,
84X380_Black,84X380,Black,0.315,,0.605,
84X380_Hispanic,84X380,Hispanic,0.644,,0.336,
84X380_White,84X380,White,0.015,,0.023,
84X387_Asian,84X387,Asian,0.022,,0.0,
84X387_Black,84X387,Black,0.29,,0.239,0.256
84X387_Hispanic,84X387,Hispanic,0.617,,0.674,0.427
84X387_White,84X387,White,0.046,,0.033,0.274
84X393_Asian,84X393,Asian,0.005,,0.0,
84X393_Black,84X393,Black,0.312,,0.372,0.136
84X393_Hispanic,84X393,Hispanic,0.649,,0.612,0.227
84X393_White,84X393,White,0.013,,0.004,0.364
84X395_Asian,84X395,Asian,0.008,,0.009,
84X395_Black,84X395,Black,0.314,,0.341,0.268
84X395_Hispanic,84X395,Hispanic,0.647,,0.619,0.286
84X395_White,84X395,White,0.013,,0.013,0.393
84X429_Asian,84X429,Asian,0.01,0.0,0.004,0.056
84X429_Black,84X429,Black,0.235,0.079,0.093,0.213
84X429_Hispanic,84X429,Hispanic,0.736,0.905,0.892,0.416
84X429_White,84X429,White,0.006,0.0,0.0,0.292
84X460_Asian,84X460,Asian,0.02,,0.014,0.041
84X460_Black,84X460,Black,0.115,,0.187,0.431
84X460_Hispanic,84X460,Hispanic,0.801,,0.786,0.297
84X460_White,84X460,White,0.044,,0.005,0.231
84X461_Asian,84X461,Asian,0.005,0.014,0.011,
84X461_Black,84X461,Black,0.239,0.246,0.196,0.391
84X461_Hispanic,84X461,Hispanic,0.726,0.717,0.779,0.271
84X461_White,84X461,White,0.013,0.014,0.007,0.278
84X465_Asian,84X465,Asian,0.02,,0.017,
84X465_Black,84X465,Black,0.277,,0.254,
84X465_Hispanic,84X465,Hispanic,0.636,,0.695,
84X465_White,84X465,White,0.043,,0.0,
84X471_Asian,84X471,Asian,0.005,,0.0,
84X471_Black,84X471,Black,0.282,,0.041,0.106
84X471_Hispanic,84X471,Hispanic,0.682,,0.956,0.682
84X471_White,84X471,White,0.011,,0.003,0.165
84X482_Asian,84X482,Asian,0.005,,0.002,0.039
84X482_Black,84X482,Black,0.37,,0.167,0.147
84X482_Hispanic,84X482,Hispanic,0.595,,0.793,0.209
84X482_White,84X482,White,0.013,,0.026,0.085
84X487_Asian,84X487,Asian,0.011,,0.014,
84X487_Black,84X487,Black,0.319,,0.351,
84X487_Hispanic,84X487,Hispanic,0.638,,0.581,
84X487_White,84X487,White,0.013,,0.041,
84X488_Asian,84X488,Asian,0.07,0.019,0.018,0.067
84X488_Black,84X488,Black,0.407,0.587,0.55,0.457
84X488_Hispanic,84X488,Hispanic,0.43,0.355,0.398,0.213
84X488_White,84X488,White,0.065,0.004,0.005,0.22
84X539_Asian,84X539,Asian,0.024,,0.024,
84X539_Black,84X539,Black,0.168,,0.342,0.415
84X539_Hispanic,84X539,Hispanic,0.753,,0.602,0.277
84X539_White,84X539,White,0.036,,0.014,0.277
84X553_Asian,84X553,Asian,0.025,,0.003,
84X553_Black,84X553,Black,0.144,,0.252,0.423
84X553_Hispanic,84X553,Hispanic,0.776,,0.718,0.288
84X553_White,84X553,White,0.036,,0.012,0.231
84X581_Asian,84X581,Asian,0.008,0.004,0.006,0.0
84X581_Black,84X581,Black,0.313,0.372,0.368,0.092
84X581_Hispanic,84X581,Hispanic,0.649,0.583,0.589,0.308
84X581_White,84X581,White,0.013,0.012,0.011,
84X585_Asian,84X585,Asian,0.006,0.0,0.0,
84X585_Black,84X585,Black,0.314,0.37,0.366,0.442
84X585_Hispanic,84X585,Hispanic,0.647,0.602,0.606,0.389
84X585_White,84X585,White,0.013,0.0,0.006,0.106
84X597_Asian,84X597,Asian,0.016,0.033,0.036,
84X597_Black,84X597,Black,0.328,0.331,0.328,
84X597_Hispanic,84X597,Hispanic,0.607,0.604,0.603,
84X597_White,84X597,White,0.026,0.013,0.012,
84X611_Asian,84X611,Asian,0.01,,0.004,0.0
84X611_Black,84X611,Black,0.291,,0.221,0.22
84X611_Hispanic,84X611,Hispanic,0.673,,0.763,0.48
84X611_White,84X611,White,0.01,,0.0,0.2
84X614_Asian,84X614,Asian,0.019,0.003,0.002,0.055
84X614_Black,84X614,Black,0.387,0.426,0.425,0.408
84X614_Hispanic,84X614,Hispanic,0.534,0.541,0.537,0.333
84X614_White,84X614,White,0.03,0.008,0.014,0.144
84X617_Asian,84X617,Asian,0.013,,0.005,0.042
84X617_Black,84X617,Black,0.33,,0.411,0.328
84X617_Hispanic,84X617,Hispanic,0.606,,0.559,0.328
84X617_White,84X617,White,0.026,,0.012,0.237
84X627_Asian,84X627,Asian,0.012,0.005,0.005,
84X627_Black,84X627,Black,0.641,0.821,0.825,0.519
84X627_Hispanic,84X627,Hispanic,0.308,0.137,0.131,0.308
84X627_White,84X627,White,0.016,0.021,0.019,
84X635_Asian,84X635,Asian,0.126,,0.011,
84X635_Black,84X635,Black,0.258,,0.471,
84X635_Hispanic,84X635,Hispanic,0.52,,0.466,
84X635_White,84X635,White,0.069,,0.036,
84X640_Asian,84X640,Asian,0.009,,0.002,
84X640_Black,84X640,Black,0.283,,0.235,0.351
84X640_Hispanic,84X640,Hispanic,0.685,,0.755,0.333
84X640_White,84X640,White,0.009,,0.0,0.228
84X648_Asian,84X648,Asian,0.102,,0.024,
84X648_Black,84X648,Black,0.234,,0.265,
84X648_Hispanic,84X648,Hispanic,0.612,,0.675,
84X648_White,84X648,White,0.027,,0.012,
84X649_Asian,84X649,Asian,0.023,0.004,0.003,
84X649_Black,84X649,Black,0.29,0.608,0.556,0.447
84X649_Hispanic,84X649,Hispanic,0.656,0.361,0.408,0.223
84X649_White,84X649,White,0.014,0.013,0.013,0.087
84X703_Asian,84X703,Asian,0.006,0.007,0.004,0.065
84X703_Black,84X703,Black,0.329,0.515,0.539,0.424
84X703_Hispanic,84X703,Hispanic,0.64,0.469,0.448,0.141
84X703_White,84X703,White,0.01,0.007,0.004,0.163
84X704_Asian,84X704,Asian,0.009,,0.0,0.05
84X704_Black,84X704,Black,0.32,,0.464,0.34
84X704_Hispanic,84X704,Hispanic,0.634,,0.504,0.3
84X704_White,84X704,White,0.018,,0.014,0.213
